Distributor/Customer,Product,Plan/Customer,Channel
Cardinal,UltraSoft Lancet,ESI Ascent,RCW - Retail/Consumer/Wholesaler
Cardinal,UltraSoft Lancet,"OptumRx, Inc.",RCW - Retail/Consumer/Wholesaler
Cardinal,UltraSoft Lancet,Caremark PCS,RCW - Retail/Consumer/Wholesaler
Cardinal,UltraSoft Lancet,"Express Scripts, Inc.",RCW - Retail/Consumer/Wholesaler
Cardinal,UltraSoft Lancet,Emisar Pharmacy Services LLC,RCW - Retail/Consumer/Wholesaler
Cardinal,UltraSoft Lancet,"Zinc Health Services, LLC",RCW - Retail/Consumer/Wholesaler
Cardinal,UltraSoft Lancet,CVS,RCW - Retail/Consumer/Wholesaler
Cardinal,Ultra Strips,ESI Ascent,RCW - Retail/Consumer/Wholesaler
Cardinal,Ultra Strips,"OptumRx, Inc.",RCW - Retail/Consumer/Wholesaler
Cardinal,Ultra Strips,Caremark PCS,RCW - Retail/Consumer/Wholesaler
Cardinal,Ultra Strips,"Express Scripts, Inc.",RCW - Retail/Consumer/Wholesaler
Cardinal,Ultra Strips,Emisar Pharmacy Services LLC,RCW - Retail/Consumer/Wholesaler
Cardinal,Ultra Strips,"Zinc Health Services, LLC",RCW - Retail/Consumer/Wholesaler
Cardinal,Ultra Strips,CVS,RCW - Retail/Consumer/Wholesaler
Cardinal,Ultra Control Solution,ESI Ascent,RCW - Retail/Consumer/Wholesaler
Cardinal,Ultra Control Solution,"OptumRx, Inc.",RCW - Retail/Consumer/Wholesaler
Cardinal,Ultra Control Solution,Caremark PCS,RCW - Retail/Consumer/Wholesaler
Cardinal,Ultra Control Solution,"Express Scripts, Inc.",RCW - Retail/Consumer/Wholesaler
Cardinal,Ultra Control Solution,Emisar Pharmacy Services LLC,RCW - Retail/Consumer/Wholesaler
Cardinal,Ultra Control Solution,"Zinc Health Services, LLC",RCW - Retail/Consumer/Wholesaler
Cardinal,Ultra Control Solution,CVS,RCW - Retail/Consumer/Wholesaler
Cardinal,Verio Strips,ESI Ascent,RCW - Retail/Consumer/Wholesaler
Cardinal,Verio Strips,"OptumRx, Inc.",RCW - Retail/Consumer/Wholesaler
Cardinal,Verio Strips,Caremark PCS,RCW - Retail/Consumer/Wholesaler
Cardinal,Verio Strips,"Express Scripts, Inc.",RCW - Retail/Consumer/Wholesaler
Cardinal,Verio Strips,Emisar Pharmacy Services LLC,RCW - Retail/Consumer/Wholesaler
Cardinal,Verio Strips,"Zinc Health Services, LLC",RCW - Retail/Consumer/Wholesaler
Cardinal,Verio Strips,CVS,RCW - Retail/Consumer/Wholesaler
Cardinal,Verio Control Solution,ESI Ascent,RCW - Retail/Consumer/Wholesaler
Cardinal,Verio Control Solution,"OptumRx, Inc.",RCW - Retail/Consumer/Wholesaler
Cardinal,Verio Control Solution,Caremark PCS,RCW - Retail/Consumer/Wholesaler
Cardinal,Verio Control Solution,"Express Scripts, Inc.",RCW - Retail/Consumer/Wholesaler
Cardinal,Verio Control Solution,Emisar Pharmacy Services LLC,RCW - Retail/Consumer/Wholesaler
Cardinal,Verio Control Solution,"Zinc Health Services, LLC",RCW - Retail/Consumer/Wholesaler
Cardinal,Verio Control Solution,CVS,RCW - Retail/Consumer/Wholesaler
Cardinal,OT Verio Reflect,ESI Ascent,RCW - Retail/Consumer/Wholesaler
Cardinal,OT Verio Reflect,"OptumRx, Inc.",RCW - Retail/Consumer/Wholesaler
Cardinal,OT Verio Reflect,Caremark PCS,RCW - Retail/Consumer/Wholesaler
Cardinal,OT Verio Reflect,"Express Scripts, Inc.",RCW - Retail/Consumer/Wholesaler
Cardinal,OT Verio Reflect,Emisar Pharmacy Services LLC,RCW - Retail/Consumer/Wholesaler
Cardinal,OT Verio Reflect,"Zinc Health Services, LLC",RCW - Retail/Consumer/Wholesaler
Cardinal,OT Verio Reflect,CVS,RCW - Retail/Consumer/Wholesaler
Cardinal,Delica Lancet,ESI Ascent,RCW - Retail/Consumer/Wholesaler
Cardinal,Delica Lancet,"OptumRx, Inc.",RCW - Retail/Consumer/Wholesaler
Cardinal,Delica Lancet,Caremark PCS,RCW - Retail/Consumer/Wholesaler
Cardinal,Delica Lancet,"Express Scripts, Inc.",RCW - Retail/Consumer/Wholesaler
Cardinal,Delica Lancet,Emisar Pharmacy Services LLC,RCW - Retail/Consumer/Wholesaler
Cardinal,Delica Lancet,"Zinc Health Services, LLC",RCW - Retail/Consumer/Wholesaler
Cardinal,Delica Lancet,CVS,RCW - Retail/Consumer/Wholesaler
Cardinal,Verio Meters,ESI Ascent,RCW - Retail/Consumer/Wholesaler
Cardinal,Verio Meters,"OptumRx, Inc.",RCW - Retail/Consumer/Wholesaler
Cardinal,Verio Meters,Caremark PCS,RCW - Retail/Consumer/Wholesaler
Cardinal,Verio Meters,"Express Scripts, Inc.",RCW - Retail/Consumer/Wholesaler
Cardinal,Verio Meters,Emisar Pharmacy Services LLC,RCW - Retail/Consumer/Wholesaler
Cardinal,Verio Meters,"Zinc Health Services, LLC",RCW - Retail/Consumer/Wholesaler
Cardinal,Verio Meters,CVS,RCW - Retail/Consumer/Wholesaler
McKesson,UltraSoft Lancet,ESI Ascent,RCW - Retail/Consumer/Wholesaler
McKesson,UltraSoft Lancet,"OptumRx, Inc.",RCW - Retail/Consumer/Wholesaler
McKesson,UltraSoft Lancet,Caremark PCS,RCW - Retail/Consumer/Wholesaler
McKesson,UltraSoft Lancet,"Express Scripts, Inc.",RCW - Retail/Consumer/Wholesaler
McKesson,UltraSoft Lancet,Emisar Pharmacy Services LLC,RCW - Retail/Consumer/Wholesaler
McKesson,UltraSoft Lancet,"Zinc Health Services, LLC",RCW - Retail/Consumer/Wholesaler
McKesson,UltraSoft Lancet,CVS,RCW - Retail/Consumer/Wholesaler
McKesson,Ultra Strips,ESI Ascent,RCW - Retail/Consumer/Wholesaler
McKesson,Ultra Strips,"OptumRx, Inc.",RCW - Retail/Consumer/Wholesaler
McKesson,Ultra Strips,Caremark PCS,RCW - Retail/Consumer/Wholesaler
McKesson,Ultra Strips,"Express Scripts, Inc.",RCW - Retail/Consumer/Wholesaler
McKesson,Ultra Strips,Emisar Pharmacy Services LLC,RCW - Retail/Consumer/Wholesaler
McKesson,Ultra Strips,"Zinc Health Services, LLC",RCW - Retail/Consumer/Wholesaler
McKesson,Ultra Strips,CVS,RCW - Retail/Consumer/Wholesaler
McKesson,Ultra Control Solution,ESI Ascent,RCW - Retail/Consumer/Wholesaler
McKesson,Ultra Control Solution,"OptumRx, Inc.",RCW - Retail/Consumer/Wholesaler
McKesson,Ultra Control Solution,Caremark PCS,RCW - Retail/Consumer/Wholesaler
McKesson,Ultra Control Solution,"Express Scripts, Inc.",RCW - Retail/Consumer/Wholesaler
McKesson,Ultra Control Solution,Emisar Pharmacy Services LLC,RCW - Retail/Consumer/Wholesaler
McKesson,Ultra Control Solution,"Zinc Health Services, LLC",RCW - Retail/Consumer/Wholesaler
McKesson,Ultra Control Solution,CVS,RCW - Retail/Consumer/Wholesaler
McKesson,Verio Strips,ESI Ascent,RCW - Retail/Consumer/Wholesaler
McKesson,Verio Strips,"OptumRx, Inc.",RCW - Retail/Consumer/Wholesaler
McKesson,Verio Strips,Caremark PCS,RCW - Retail/Consumer/Wholesaler
McKesson,Verio Strips,"Express Scripts, Inc.",RCW - Retail/Consumer/Wholesaler
McKesson,Verio Strips,Emisar Pharmacy Services LLC,RCW - Retail/Consumer/Wholesaler
McKesson,Verio Strips,"Zinc Health Services, LLC",RCW - Retail/Consumer/Wholesaler
McKesson,Verio Strips,CVS,RCW - Retail/Consumer/Wholesaler
McKesson,Verio Control Solution,ESI Ascent,RCW - Retail/Consumer/Wholesaler
McKesson,Verio Control Solution,"OptumRx, Inc.",RCW - Retail/Consumer/Wholesaler
McKesson,Verio Control Solution,Caremark PCS,RCW - Retail/Consumer/Wholesaler
McKesson,Verio Control Solution,"Express Scripts, Inc.",RCW - Retail/Consumer/Wholesaler
McKesson,Verio Control Solution,Emisar Pharmacy Services LLC,RCW - Retail/Consumer/Wholesaler
McKesson,Verio Control Solution,"Zinc Health Services, LLC",RCW - Retail/Consumer/Wholesaler
McKesson,Verio Control Solution,CVS,RCW - Retail/Consumer/Wholesaler
McKesson,OT Verio Reflect,ESI Ascent,RCW - Retail/Consumer/Wholesaler
McKesson,OT Verio Reflect,"OptumRx, Inc.",RCW - Retail/Consumer/Wholesaler
McKesson,OT Verio Reflect,Caremark PCS,RCW - Retail/Consumer/Wholesaler
McKesson,OT Verio Reflect,"Express Scripts, Inc.",RCW - Retail/Consumer/Wholesaler
McKesson,OT Verio Reflect,Emisar Pharmacy Services LLC,RCW - Retail/Consumer/Wholesaler
McKesson,OT Verio Reflect,"Zinc Health Services, LLC",RCW - Retail/Consumer/Wholesaler
McKesson,OT Verio Reflect,CVS,RCW - Retail/Consumer/Wholesaler
McKesson,Delica Plus Lancet,ESI Ascent,RCW - Retail/Consumer/Wholesaler
McKesson,Delica Plus Lancet,"OptumRx, Inc.",RCW - Retail/Consumer/Wholesaler
McKesson,Delica Plus Lancet,Caremark PCS,RCW - Retail/Consumer/Wholesaler
McKesson,Delica Plus Lancet,"Express Scripts, Inc.",RCW - Retail/Consumer/Wholesaler
McKesson,Delica Plus Lancet,Emisar Pharmacy Services LLC,RCW - Retail/Consumer/Wholesaler
McKesson,Delica Plus Lancet,"Zinc Health Services, LLC",RCW - Retail/Consumer/Wholesaler
McKesson,Delica Plus Lancet,CVS,RCW - Retail/Consumer/Wholesaler
McKesson,Verio Meters,ESI Ascent,RCW - Retail/Consumer/Wholesaler
McKesson,Verio Meters,"OptumRx, Inc.",RCW - Retail/Consumer/Wholesaler
McKesson,Verio Meters,Caremark PCS,RCW - Retail/Consumer/Wholesaler
McKesson,Verio Meters,"Express Scripts, Inc.",RCW - Retail/Consumer/Wholesaler
McKesson,Verio Meters,Emisar Pharmacy Services LLC,RCW - Retail/Consumer/Wholesaler
McKesson,Verio Meters,"Zinc Health Services, LLC",RCW - Retail/Consumer/Wholesaler
McKesson,Verio Meters,CVS,RCW - Retail/Consumer/Wholesaler
ABC,UltraSoft Lancet,ESI Ascent,RCW - Retail/Consumer/Wholesaler
ABC,UltraSoft Lancet,"OptumRx, Inc.",RCW - Retail/Consumer/Wholesaler
ABC,UltraSoft Lancet,Caremark PCS,RCW - Retail/Consumer/Wholesaler
ABC,UltraSoft Lancet,"Express Scripts, Inc.",RCW - Retail/Consumer/Wholesaler
ABC,UltraSoft Lancet,Emisar Pharmacy Services LLC,RCW - Retail/Consumer/Wholesaler
ABC,UltraSoft Lancet,"Zinc Health Services, LLC",RCW - Retail/Consumer/Wholesaler
ABC,UltraSoft Lancet,CVS,RCW - Retail/Consumer/Wholesaler
ABC,Ultra Strips,ESI Ascent,RCW - Retail/Consumer/Wholesaler
ABC,Ultra Strips,"OptumRx, Inc.",RCW - Retail/Consumer/Wholesaler
ABC,Ultra Strips,Caremark PCS,RCW - Retail/Consumer/Wholesaler
ABC,Ultra Strips,"Express Scripts, Inc.",RCW - Retail/Consumer/Wholesaler
ABC,Ultra Strips,Emisar Pharmacy Services LLC,RCW - Retail/Consumer/Wholesaler
ABC,Ultra Strips,"Zinc Health Services, LLC",RCW - Retail/Consumer/Wholesaler
ABC,Ultra Strips,CVS,RCW - Retail/Consumer/Wholesaler
ABC,Ultra Control Solution,ESI Ascent,RCW - Retail/Consumer/Wholesaler
ABC,Ultra Control Solution,"OptumRx, Inc.",RCW - Retail/Consumer/Wholesaler
ABC,Ultra Control Solution,Caremark PCS,RCW - Retail/Consumer/Wholesaler
ABC,Ultra Control Solution,"Express Scripts, Inc.",RCW - Retail/Consumer/Wholesaler
ABC,Ultra Control Solution,Emisar Pharmacy Services LLC,RCW - Retail/Consumer/Wholesaler
ABC,Ultra Control Solution,"Zinc Health Services, LLC",RCW - Retail/Consumer/Wholesaler
ABC,Ultra Control Solution,CVS,RCW - Retail/Consumer/Wholesaler
ABC,Verio Strips,ESI Ascent,RCW - Retail/Consumer/Wholesaler
ABC,Verio Strips,"OptumRx, Inc.",RCW - Retail/Consumer/Wholesaler
ABC,Verio Strips,Caremark PCS,RCW - Retail/Consumer/Wholesaler
ABC,Verio Strips,"Express Scripts, Inc.",RCW - Retail/Consumer/Wholesaler
ABC,Verio Strips,Emisar Pharmacy Services LLC,RCW - Retail/Consumer/Wholesaler
ABC,Verio Strips,"Zinc Health Services, LLC",RCW - Retail/Consumer/Wholesaler
ABC,Verio Strips,CVS,RCW - Retail/Consumer/Wholesaler
ABC,Verio Control Solution,ESI Ascent,RCW - Retail/Consumer/Wholesaler
ABC,Verio Control Solution,"OptumRx, Inc.",RCW - Retail/Consumer/Wholesaler
ABC,Verio Control Solution,Caremark PCS,RCW - Retail/Consumer/Wholesaler
ABC,Verio Control Solution,"Express Scripts, Inc.",RCW - Retail/Consumer/Wholesaler
ABC,Verio Control Solution,Emisar Pharmacy Services LLC,RCW - Retail/Consumer/Wholesaler
ABC,Verio Control Solution,"Zinc Health Services, LLC",RCW - Retail/Consumer/Wholesaler
ABC,Verio Control Solution,CVS,RCW - Retail/Consumer/Wholesaler
ABC,OT Verio Reflect,ESI Ascent,RCW - Retail/Consumer/Wholesaler
ABC,OT Verio Reflect,"OptumRx, Inc.",RCW - Retail/Consumer/Wholesaler
ABC,OT Verio Reflect,Caremark PCS,RCW - Retail/Consumer/Wholesaler
ABC,OT Verio Reflect,"Express Scripts, Inc.",RCW - Retail/Consumer/Wholesaler
ABC,OT Verio Reflect,Emisar Pharmacy Services LLC,RCW - Retail/Consumer/Wholesaler
ABC,OT Verio Reflect,"Zinc Health Services, LLC",RCW - Retail/Consumer/Wholesaler
ABC,OT Verio Reflect,CVS,RCW - Retail/Consumer/Wholesaler
ABC,Delica Lancet,ESI Ascent,RCW - Retail/Consumer/Wholesaler
ABC,Delica Lancet,"OptumRx, Inc.",RCW - Retail/Consumer/Wholesaler
ABC,Delica Lancet,Caremark PCS,RCW - Retail/Consumer/Wholesaler
ABC,Delica Lancet,"Express Scripts, Inc.",RCW - Retail/Consumer/Wholesaler
ABC,Delica Lancet,Emisar Pharmacy Services LLC,RCW - Retail/Consumer/Wholesaler
ABC,Delica Lancet,"Zinc Health Services, LLC",RCW - Retail/Consumer/Wholesaler
ABC,Delica Lancet,CVS,RCW - Retail/Consumer/Wholesaler
ABC,Verio Meters,ESI Ascent,RCW - Retail/Consumer/Wholesaler
ABC,Verio Meters,"OptumRx, Inc.",RCW - Retail/Consumer/Wholesaler
ABC,Verio Meters,Caremark PCS,RCW - Retail/Consumer/Wholesaler
ABC,Verio Meters,"Express Scripts, Inc.",RCW - Retail/Consumer/Wholesaler
ABC,Verio Meters,Emisar Pharmacy Services LLC,RCW - Retail/Consumer/Wholesaler
ABC,Verio Meters,"Zinc Health Services, LLC",RCW - Retail/Consumer/Wholesaler
ABC,Verio Meters,CVS,RCW - Retail/Consumer/Wholesaler
CVS,UltraSoft Lancet,ESI Ascent,RCW - Retail/Consumer/Wholesaler
CVS,UltraSoft Lancet,"OptumRx, Inc.",RCW - Retail/Consumer/Wholesaler
CVS,UltraSoft Lancet,Caremark PCS,RCW - Retail/Consumer/Wholesaler
CVS,UltraSoft Lancet,"Express Scripts, Inc.",RCW - Retail/Consumer/Wholesaler
CVS,UltraSoft Lancet,Emisar Pharmacy Services LLC,RCW - Retail/Consumer/Wholesaler
CVS,UltraSoft Lancet,"Zinc Health Services, LLC",RCW - Retail/Consumer/Wholesaler
CVS,UltraSoft Lancet,CVS,RCW - Retail/Consumer/Wholesaler
CVS,Ultra Strips,ESI Ascent,RCW - Retail/Consumer/Wholesaler
CVS,Ultra Strips,"OptumRx, Inc.",RCW - Retail/Consumer/Wholesaler
CVS,Ultra Strips,Caremark PCS,RCW - Retail/Consumer/Wholesaler
CVS,Ultra Strips,"Express Scripts, Inc.",RCW - Retail/Consumer/Wholesaler
CVS,Ultra Strips,Emisar Pharmacy Services LLC,RCW - Retail/Consumer/Wholesaler
CVS,Ultra Strips,"Zinc Health Services, LLC",RCW - Retail/Consumer/Wholesaler
CVS,Ultra Strips,CVS,RCW - Retail/Consumer/Wholesaler
CVS,Ultra Control Solution,ESI Ascent,RCW - Retail/Consumer/Wholesaler
CVS,Ultra Control Solution,"OptumRx, Inc.",RCW - Retail/Consumer/Wholesaler
CVS,Ultra Control Solution,Caremark PCS,RCW - Retail/Consumer/Wholesaler
CVS,Ultra Control Solution,"Express Scripts, Inc.",RCW - Retail/Consumer/Wholesaler
CVS,Ultra Control Solution,Emisar Pharmacy Services LLC,RCW - Retail/Consumer/Wholesaler
CVS,Ultra Control Solution,"Zinc Health Services, LLC",RCW - Retail/Consumer/Wholesaler
CVS,Ultra Control Solution,CVS,RCW - Retail/Consumer/Wholesaler
CVS,Verio Strips,ESI Ascent,RCW - Retail/Consumer/Wholesaler
CVS,Verio Strips,"OptumRx, Inc.",RCW - Retail/Consumer/Wholesaler
CVS,Verio Strips,Caremark PCS,RCW - Retail/Consumer/Wholesaler
CVS,Verio Strips,"Express Scripts, Inc.",RCW - Retail/Consumer/Wholesaler
CVS,Verio Strips,Emisar Pharmacy Services LLC,RCW - Retail/Consumer/Wholesaler
CVS,Verio Strips,"Zinc Health Services, LLC",RCW - Retail/Consumer/Wholesaler
CVS,Verio Strips,CVS,RCW - Retail/Consumer/Wholesaler
CVS,Verio Control Solution,ESI Ascent,RCW - Retail/Consumer/Wholesaler
CVS,Verio Control Solution,"OptumRx, Inc.",RCW - Retail/Consumer/Wholesaler
CVS,Verio Control Solution,Caremark PCS,RCW - Retail/Consumer/Wholesaler
CVS,Verio Control Solution,"Express Scripts, Inc.",RCW - Retail/Consumer/Wholesaler
CVS,Verio Control Solution,Emisar Pharmacy Services LLC,RCW - Retail/Consumer/Wholesaler
CVS,Verio Control Solution,"Zinc Health Services, LLC",RCW - Retail/Consumer/Wholesaler
CVS,Verio Control Solution,CVS,RCW - Retail/Consumer/Wholesaler
CVS,OT Verio Reflect,ESI Ascent,RCW - Retail/Consumer/Wholesaler
CVS,OT Verio Reflect,"OptumRx, Inc.",RCW - Retail/Consumer/Wholesaler
CVS,OT Verio Reflect,Caremark PCS,RCW - Retail/Consumer/Wholesaler
CVS,OT Verio Reflect,"Express Scripts, Inc.",RCW - Retail/Consumer/Wholesaler
CVS,OT Verio Reflect,Emisar Pharmacy Services LLC,RCW - Retail/Consumer/Wholesaler
CVS,OT Verio Reflect,"Zinc Health Services, LLC",RCW - Retail/Consumer/Wholesaler
CVS,OT Verio Reflect,CVS,RCW - Retail/Consumer/Wholesaler
CVS,Delica Plus Lancet,ESI Ascent,RCW - Retail/Consumer/Wholesaler
CVS,Delica Plus Lancet,"OptumRx, Inc.",RCW - Retail/Consumer/Wholesaler
CVS,Delica Plus Lancet,Caremark PCS,RCW - Retail/Consumer/Wholesaler
CVS,Delica Plus Lancet,"Express Scripts, Inc.",RCW - Retail/Consumer/Wholesaler
CVS,Delica Plus Lancet,Emisar Pharmacy Services LLC,RCW - Retail/Consumer/Wholesaler
CVS,Delica Plus Lancet,"Zinc Health Services, LLC",RCW - Retail/Consumer/Wholesaler
CVS,Delica Plus Lancet,CVS,RCW - Retail/Consumer/Wholesaler
CVS,Verio Meters,ESI Ascent,RCW - Retail/Consumer/Wholesaler
CVS,Verio Meters,"OptumRx, Inc.",RCW - Retail/Consumer/Wholesaler
CVS,Verio Meters,Caremark PCS,RCW - Retail/Consumer/Wholesaler
CVS,Verio Meters,"Express Scripts, Inc.",RCW - Retail/Consumer/Wholesaler
CVS,Verio Meters,Emisar Pharmacy Services LLC,RCW - Retail/Consumer/Wholesaler
CVS,Verio Meters,"Zinc Health Services, LLC",RCW - Retail/Consumer/Wholesaler
CVS,Verio Meters,CVS,RCW - Retail/Consumer/Wholesaler
Other,UltraSoft Lancet,ESI Ascent,RCW - Retail/Consumer/Wholesaler
Other,UltraSoft Lancet,"OptumRx, Inc.",RCW - Retail/Consumer/Wholesaler
Other,UltraSoft Lancet,Caremark PCS,RCW - Retail/Consumer/Wholesaler
Other,UltraSoft Lancet,"Express Scripts, Inc.",RCW - Retail/Consumer/Wholesaler
Other,UltraSoft Lancet,Emisar Pharmacy Services LLC,RCW - Retail/Consumer/Wholesaler
Other,UltraSoft Lancet,"Zinc Health Services, LLC",RCW - Retail/Consumer/Wholesaler
Other,UltraSoft Lancet,CVS,RCW - Retail/Consumer/Wholesaler
Other,Ultra Strips,ESI Ascent,RCW - Retail/Consumer/Wholesaler
Other,Ultra Strips,"OptumRx, Inc.",RCW - Retail/Consumer/Wholesaler
Other,Ultra Strips,Caremark PCS,RCW - Retail/Consumer/Wholesaler
Other,Ultra Strips,"Express Scripts, Inc.",RCW - Retail/Consumer/Wholesaler
Other,Ultra Strips,Emisar Pharmacy Services LLC,RCW - Retail/Consumer/Wholesaler
Other,Ultra Strips,"Zinc Health Services, LLC",RCW - Retail/Consumer/Wholesaler
Other,Ultra Strips,CVS,RCW - Retail/Consumer/Wholesaler
Other,Ultra Control Solution,ESI Ascent,RCW - Retail/Consumer/Wholesaler
Other,Ultra Control Solution,"OptumRx, Inc.",RCW - Retail/Consumer/Wholesaler
Other,Ultra Control Solution,Caremark PCS,RCW - Retail/Consumer/Wholesaler
Other,Ultra Control Solution,"Express Scripts, Inc.",RCW - Retail/Consumer/Wholesaler
Other,Ultra Control Solution,Emisar Pharmacy Services LLC,RCW - Retail/Consumer/Wholesaler
Other,Ultra Control Solution,"Zinc Health Services, LLC",RCW - Retail/Consumer/Wholesaler
Other,Ultra Control Solution,CVS,RCW - Retail/Consumer/Wholesaler
Other,Verio Strips,ESI Ascent,RCW - Retail/Consumer/Wholesaler
Other,Verio Strips,"OptumRx, Inc.",RCW - Retail/Consumer/Wholesaler
Other,Verio Strips,Caremark PCS,RCW - Retail/Consumer/Wholesaler
Other,Verio Strips,"Express Scripts, Inc.",RCW - Retail/Consumer/Wholesaler
Other,Verio Strips,Emisar Pharmacy Services LLC,RCW - Retail/Consumer/Wholesaler
Other,Verio Strips,"Zinc Health Services, LLC",RCW - Retail/Consumer/Wholesaler
Other,Verio Strips,CVS,RCW - Retail/Consumer/Wholesaler
Other,Verio Control Solution,ESI Ascent,RCW - Retail/Consumer/Wholesaler
Other,Verio Control Solution,"OptumRx, Inc.",RCW - Retail/Consumer/Wholesaler
Other,Verio Control Solution,Caremark PCS,RCW - Retail/Consumer/Wholesaler
Other,Verio Control Solution,"Express Scripts, Inc.",RCW - Retail/Consumer/Wholesaler
Other,Verio Control Solution,Emisar Pharmacy Services LLC,RCW - Retail/Consumer/Wholesaler
Other,Verio Control Solution,"Zinc Health Services, LLC",RCW - Retail/Consumer/Wholesaler
Other,Verio Control Solution,CVS,RCW - Retail/Consumer/Wholesaler
Other,OT Verio Reflect,ESI Ascent,RCW - Retail/Consumer/Wholesaler
Other,OT Verio Reflect,"OptumRx, Inc.",RCW - Retail/Consumer/Wholesaler
Other,OT Verio Reflect,Caremark PCS,RCW - Retail/Consumer/Wholesaler
Other,OT Verio Reflect,"Express Scripts, Inc.",RCW - Retail/Consumer/Wholesaler
Other,OT Verio Reflect,Emisar Pharmacy Services LLC,RCW - Retail/Consumer/Wholesaler
Other,OT Verio Reflect,"Zinc Health Services, LLC",RCW - Retail/Consumer/Wholesaler
Other,OT Verio Reflect,CVS,RCW - Retail/Consumer/Wholesaler
Other,Delica Plus Lancet,ESI Ascent,RCW - Retail/Consumer/Wholesaler
Other,Delica Plus Lancet,"OptumRx, Inc.",RCW - Retail/Consumer/Wholesaler
Other,Delica Plus Lancet,Caremark PCS,RCW - Retail/Consumer/Wholesaler
Other,Delica Plus Lancet,"Express Scripts, Inc.",RCW - Retail/Consumer/Wholesaler
Other,Delica Plus Lancet,Emisar Pharmacy Services LLC,RCW - Retail/Consumer/Wholesaler
Other,Delica Plus Lancet,"Zinc Health Services, LLC",RCW - Retail/Consumer/Wholesaler
Other,Delica Plus Lancet,CVS,RCW - Retail/Consumer/Wholesaler
Other,Verio Meters,ESI Ascent,RCW - Retail/Consumer/Wholesaler
Other,Verio Meters,"OptumRx, Inc.",RCW - Retail/Consumer/Wholesaler
Other,Verio Meters,Caremark PCS,RCW - Retail/Consumer/Wholesaler
Other,Verio Meters,"Express Scripts, Inc.",RCW - Retail/Consumer/Wholesaler
Other,Verio Meters,Emisar Pharmacy Services LLC,RCW - Retail/Consumer/Wholesaler
Other,Verio Meters,"Zinc Health Services, LLC",RCW - Retail/Consumer/Wholesaler
Other,Verio Meters,CVS,RCW - Retail/Consumer/Wholesaler
Other,Ultra Meters,ESI Ascent,RCW - Retail/Consumer/Wholesaler
Other,Ultra Meters,"OptumRx, Inc.",RCW - Retail/Consumer/Wholesaler
Other,Ultra Meters,Caremark PCS,RCW - Retail/Consumer/Wholesaler
Other,Ultra Meters,"Express Scripts, Inc.",RCW - Retail/Consumer/Wholesaler
Other,Ultra Meters,Emisar Pharmacy Services LLC,RCW - Retail/Consumer/Wholesaler
Other,Ultra Meters,"Zinc Health Services, LLC",RCW - Retail/Consumer/Wholesaler
Other,Ultra Meters,CVS,RCW - Retail/Consumer/Wholesaler
Other,Delica Safety,ESI Ascent,RCW - Retail/Consumer/Wholesaler
Other,Delica Safety,"OptumRx, Inc.",RCW - Retail/Consumer/Wholesaler
Other,Delica Safety,Caremark PCS,RCW - Retail/Consumer/Wholesaler
Other,Delica Safety,"Express Scripts, Inc.",RCW - Retail/Consumer/Wholesaler
Other,Delica Safety,Emisar Pharmacy Services LLC,RCW - Retail/Consumer/Wholesaler
Other,Delica Safety,"Zinc Health Services, LLC",RCW - Retail/Consumer/Wholesaler
Other,Delica Safety,CVS,RCW - Retail/Consumer/Wholesaler
Other,Ancillaries Other,ESI Ascent,RCW - Retail/Consumer/Wholesaler
Other,Ancillaries Other,"OptumRx, Inc.",RCW - Retail/Consumer/Wholesaler
Other,Ancillaries Other,Caremark PCS,RCW - Retail/Consumer/Wholesaler
Other,Ancillaries Other,"Express Scripts, Inc.",RCW - Retail/Consumer/Wholesaler
Other,Ancillaries Other,Emisar Pharmacy Services LLC,RCW - Retail/Consumer/Wholesaler
Other,Ancillaries Other,"Zinc Health Services, LLC",RCW - Retail/Consumer/Wholesaler
Other,Ancillaries Other,CVS,RCW - Retail/Consumer/Wholesaler
Other,Delica Plus Lancing Device,ESI Ascent,RCW - Retail/Consumer/Wholesaler
Other,Delica Plus Lancing Device,"OptumRx, Inc.",RCW - Retail/Consumer/Wholesaler
Other,Delica Plus Lancing Device,Caremark PCS,RCW - Retail/Consumer/Wholesaler
Other,Delica Plus Lancing Device,"Express Scripts, Inc.",RCW - Retail/Consumer/Wholesaler
Other,Delica Plus Lancing Device,Emisar Pharmacy Services LLC,RCW - Retail/Consumer/Wholesaler
Other,Delica Plus Lancing Device,"Zinc Health Services, LLC",RCW - Retail/Consumer/Wholesaler
Other,Delica Plus Lancing Device,CVS,RCW - Retail/Consumer/Wholesaler
Other,SureSoft Lancet,ESI Ascent,RCW - Retail/Consumer/Wholesaler
Other,SureSoft Lancet,"OptumRx, Inc.",RCW - Retail/Consumer/Wholesaler
Other,SureSoft Lancet,Caremark PCS,RCW - Retail/Consumer/Wholesaler
Other,SureSoft Lancet,"Express Scripts, Inc.",RCW - Retail/Consumer/Wholesaler
Other,SureSoft Lancet,Emisar Pharmacy Services LLC,RCW - Retail/Consumer/Wholesaler
Other,SureSoft Lancet,"Zinc Health Services, LLC",RCW - Retail/Consumer/Wholesaler
Other,SureSoft Lancet,CVS,RCW - Retail/Consumer/Wholesaler
Other,Sales Tax (Exclude),ESI Ascent,RCW - Retail/Consumer/Wholesaler
Other,Sales Tax (Exclude),"OptumRx, Inc.",RCW - Retail/Consumer/Wholesaler
Other,Sales Tax (Exclude),Caremark PCS,RCW - Retail/Consumer/Wholesaler
Other,Sales Tax (Exclude),"Express Scripts, Inc.",RCW - Retail/Consumer/Wholesaler
Other,Sales Tax (Exclude),Emisar Pharmacy Services LLC,RCW - Retail/Consumer/Wholesaler
Other,Sales Tax (Exclude),"Zinc Health Services, LLC",RCW - Retail/Consumer/Wholesaler
Other,Sales Tax (Exclude),CVS,RCW - Retail/Consumer/Wholesaler
Other,Delica Lancing Device,ESI Ascent,RCW - Retail/Consumer/Wholesaler
Other,Delica Lancing Device,"OptumRx, Inc.",RCW - Retail/Consumer/Wholesaler
Other,Delica Lancing Device,Caremark PCS,RCW - Retail/Consumer/Wholesaler
Other,Delica Lancing Device,"Express Scripts, Inc.",RCW - Retail/Consumer/Wholesaler
Other,Delica Lancing Device,Emisar Pharmacy Services LLC,RCW - Retail/Consumer/Wholesaler
Other,Delica Lancing Device,"Zinc Health Services, LLC",RCW - Retail/Consumer/Wholesaler
Other,Delica Lancing Device,CVS,RCW - Retail/Consumer/Wholesaler
Other,Delica Lancet,ESI Ascent,RCW - Retail/Consumer/Wholesaler
Other,Delica Lancet,"OptumRx, Inc.",RCW - Retail/Consumer/Wholesaler
Other,Delica Lancet,Caremark PCS,RCW - Retail/Consumer/Wholesaler
Other,Delica Lancet,"Express Scripts, Inc.",RCW - Retail/Consumer/Wholesaler
Other,Delica Lancet,Emisar Pharmacy Services LLC,RCW - Retail/Consumer/Wholesaler
Other,Delica Lancet,"Zinc Health Services, LLC",RCW - Retail/Consumer/Wholesaler
Other,Delica Lancet,CVS,RCW - Retail/Consumer/Wholesaler
Other,OT Verio IQ,ESI Ascent,RCW - Retail/Consumer/Wholesaler
Other,OT Verio IQ,"OptumRx, Inc.",RCW - Retail/Consumer/Wholesaler
Other,OT Verio IQ,Caremark PCS,RCW - Retail/Consumer/Wholesaler
Other,OT Verio IQ,"Express Scripts, Inc.",RCW - Retail/Consumer/Wholesaler
Other,OT Verio IQ,Emisar Pharmacy Services LLC,RCW - Retail/Consumer/Wholesaler
Other,OT Verio IQ,"Zinc Health Services, LLC",RCW - Retail/Consumer/Wholesaler
Other,OT Verio IQ,CVS,RCW - Retail/Consumer/Wholesaler
Cardinal,Ultra Meters,ESI Ascent,RCW - Retail/Consumer/Wholesaler
Cardinal,Ultra Meters,"OptumRx, Inc.",RCW - Retail/Consumer/Wholesaler
Cardinal,Ultra Meters,Caremark PCS,RCW - Retail/Consumer/Wholesaler
Cardinal,Ultra Meters,"Express Scripts, Inc.",RCW - Retail/Consumer/Wholesaler
Cardinal,Ultra Meters,Emisar Pharmacy Services LLC,RCW - Retail/Consumer/Wholesaler
Cardinal,Ultra Meters,"Zinc Health Services, LLC",RCW - Retail/Consumer/Wholesaler
Cardinal,Ultra Meters,CVS,RCW - Retail/Consumer/Wholesaler
McKesson,Ultra Meters,ESI Ascent,RCW - Retail/Consumer/Wholesaler
McKesson,Ultra Meters,"OptumRx, Inc.",RCW - Retail/Consumer/Wholesaler
McKesson,Ultra Meters,Caremark PCS,RCW - Retail/Consumer/Wholesaler
McKesson,Ultra Meters,"Express Scripts, Inc.",RCW - Retail/Consumer/Wholesaler
McKesson,Ultra Meters,Emisar Pharmacy Services LLC,RCW - Retail/Consumer/Wholesaler
McKesson,Ultra Meters,"Zinc Health Services, LLC",RCW - Retail/Consumer/Wholesaler
McKesson,Ultra Meters,CVS,RCW - Retail/Consumer/Wholesaler
ABC,Ultra Meters,ESI Ascent,RCW - Retail/Consumer/Wholesaler
ABC,Ultra Meters,"OptumRx, Inc.",RCW - Retail/Consumer/Wholesaler
ABC,Ultra Meters,Caremark PCS,RCW - Retail/Consumer/Wholesaler
ABC,Ultra Meters,"Express Scripts, Inc.",RCW - Retail/Consumer/Wholesaler
ABC,Ultra Meters,Emisar Pharmacy Services LLC,RCW - Retail/Consumer/Wholesaler
ABC,Ultra Meters,"Zinc Health Services, LLC",RCW - Retail/Consumer/Wholesaler
ABC,Ultra Meters,CVS,RCW - Retail/Consumer/Wholesaler
CVS,Ultra Meters,ESI Ascent,RCW - Retail/Consumer/Wholesaler
CVS,Ultra Meters,"OptumRx, Inc.",RCW - Retail/Consumer/Wholesaler
CVS,Ultra Meters,Caremark PCS,RCW - Retail/Consumer/Wholesaler
CVS,Ultra Meters,"Express Scripts, Inc.",RCW - Retail/Consumer/Wholesaler
CVS,Ultra Meters,Emisar Pharmacy Services LLC,RCW - Retail/Consumer/Wholesaler
CVS,Ultra Meters,"Zinc Health Services, LLC",RCW - Retail/Consumer/Wholesaler
CVS,Ultra Meters,CVS,RCW - Retail/Consumer/Wholesaler
Cardinal,Delica Plus Lancing Device,ESI Ascent,RCW - Retail/Consumer/Wholesaler
Cardinal,Delica Plus Lancing Device,"OptumRx, Inc.",RCW - Retail/Consumer/Wholesaler
Cardinal,Delica Plus Lancing Device,Caremark PCS,RCW - Retail/Consumer/Wholesaler
Cardinal,Delica Plus Lancing Device,"Express Scripts, Inc.",RCW - Retail/Consumer/Wholesaler
Cardinal,Delica Plus Lancing Device,Emisar Pharmacy Services LLC,RCW - Retail/Consumer/Wholesaler
Cardinal,Delica Plus Lancing Device,"Zinc Health Services, LLC",RCW - Retail/Consumer/Wholesaler
Cardinal,Delica Plus Lancing Device,CVS,RCW - Retail/Consumer/Wholesaler
McKesson,Delica Plus Lancing Device,ESI Ascent,RCW - Retail/Consumer/Wholesaler
McKesson,Delica Plus Lancing Device,"OptumRx, Inc.",RCW - Retail/Consumer/Wholesaler
McKesson,Delica Plus Lancing Device,Caremark PCS,RCW - Retail/Consumer/Wholesaler
McKesson,Delica Plus Lancing Device,"Express Scripts, Inc.",RCW - Retail/Consumer/Wholesaler
McKesson,Delica Plus Lancing Device,Emisar Pharmacy Services LLC,RCW - Retail/Consumer/Wholesaler
McKesson,Delica Plus Lancing Device,"Zinc Health Services, LLC",RCW - Retail/Consumer/Wholesaler
McKesson,Delica Plus Lancing Device,CVS,RCW - Retail/Consumer/Wholesaler
ABC,Delica Plus Lancing Device,ESI Ascent,RCW - Retail/Consumer/Wholesaler
ABC,Delica Plus Lancing Device,"OptumRx, Inc.",RCW - Retail/Consumer/Wholesaler
ABC,Delica Plus Lancing Device,Caremark PCS,RCW - Retail/Consumer/Wholesaler
ABC,Delica Plus Lancing Device,"Express Scripts, Inc.",RCW - Retail/Consumer/Wholesaler
ABC,Delica Plus Lancing Device,Emisar Pharmacy Services LLC,RCW - Retail/Consumer/Wholesaler
ABC,Delica Plus Lancing Device,"Zinc Health Services, LLC",RCW - Retail/Consumer/Wholesaler
ABC,Delica Plus Lancing Device,CVS,RCW - Retail/Consumer/Wholesaler
CVS,Delica Plus Lancing Device,ESI Ascent,RCW - Retail/Consumer/Wholesaler
CVS,Delica Plus Lancing Device,"OptumRx, Inc.",RCW - Retail/Consumer/Wholesaler
CVS,Delica Plus Lancing Device,Caremark PCS,RCW - Retail/Consumer/Wholesaler
CVS,Delica Plus Lancing Device,"Express Scripts, Inc.",RCW - Retail/Consumer/Wholesaler
CVS,Delica Plus Lancing Device,Emisar Pharmacy Services LLC,RCW - Retail/Consumer/Wholesaler
CVS,Delica Plus Lancing Device,"Zinc Health Services, LLC",RCW - Retail/Consumer/Wholesaler
CVS,Delica Plus Lancing Device,CVS,RCW - Retail/Consumer/Wholesaler
Kaiser,UltraSoft Lancet,Kaiser,RCW - Retail/Consumer/Wholesaler
Kaiser,Ultra Strips,Kaiser,RCW - Retail/Consumer/Wholesaler
Kaiser,Ultra Control Solution,Kaiser,RCW - Retail/Consumer/Wholesaler
Kaiser,Verio Strips,Kaiser,RCW - Retail/Consumer/Wholesaler
Kaiser,Verio Control Solution,Kaiser,RCW - Retail/Consumer/Wholesaler
Kaiser,OT Verio Reflect,Kaiser,RCW - Retail/Consumer/Wholesaler
Kaiser,Delica Lancet,Kaiser,RCW - Retail/Consumer/Wholesaler
Kaiser,Verio Meters,Kaiser,RCW - Retail/Consumer/Wholesaler
Pattern,UltraSoft Lancet,Ecomm - Ecommerce,Ecomm - Ecommerce
Pattern,Ultra Strips,Ecomm - Ecommerce,Ecomm - Ecommerce
Pattern,Ultra Control Solution,Ecomm - Ecommerce,Ecomm - Ecommerce
Pattern,Verio Strips,Ecomm - Ecommerce,Ecomm - Ecommerce
Pattern,Verio Control Solution,Ecomm - Ecommerce,Ecomm - Ecommerce
Pattern,OT Verio Reflect,Ecomm - Ecommerce,Ecomm - Ecommerce
Pattern,Delica Lancet,Ecomm - Ecommerce,Ecomm - Ecommerce
Pattern,Verio Meters,Ecomm - Ecommerce,Ecomm - Ecommerce
Truepill,UltraSoft Lancet,Ecomm - Ecommerce,Ecomm - Ecommerce
Truepill,Ultra Strips,Ecomm - Ecommerce,Ecomm - Ecommerce
Truepill,Ultra Control Solution,Ecomm - Ecommerce,Ecomm - Ecommerce
Truepill,Verio Strips,Ecomm - Ecommerce,Ecomm - Ecommerce
Truepill,Verio Control Solution,Ecomm - Ecommerce,Ecomm - Ecommerce
Truepill,OT Verio Reflect,Ecomm - Ecommerce,Ecomm - Ecommerce
Truepill,Delica Plus Lancet,Ecomm - Ecommerce,Ecomm - Ecommerce
Truepill,Verio Meters,Ecomm - Ecommerce,Ecomm - Ecommerce
Other MO & W8,UltraSoft Lancet,MOR - Mail Order,MOR - Mail Order
Other MO & W8,Ultra Strips,MOR - Mail Order,MOR - Mail Order
Other MO & W8,Ultra Control Solution,MOR - Mail Order,MOR - Mail Order
Other MO & W8,Verio Strips,MOR - Mail Order,MOR - Mail Order
Other MO & W8,Verio Control Solution,MOR - Mail Order,MOR - Mail Order
Other MO & W8,OT Verio Reflect,MOR - Mail Order,MOR - Mail Order
Other MO & W8,Delica Lancet,MOR - Mail Order,MOR - Mail Order
Other MO & W8,Ultra Meters,MOR - Mail Order,MOR - Mail Order
Other MO & W8,Verio Meters,MOR - Mail Order,MOR - Mail Order
Gemco,UltraSoft Lancet,MOR - Mail Order,MOR - Mail Order
Gemco,Ultra Strips,MOR - Mail Order,MOR - Mail Order
Gemco,Ultra Control Solution,MOR - Mail Order,MOR - Mail Order
Gemco,Verio Strips,MOR - Mail Order,MOR - Mail Order
Gemco,Verio Control Solution,MOR - Mail Order,MOR - Mail Order
Gemco,OT Verio Reflect,MOR - Mail Order,MOR - Mail Order
Gemco,Delica Plus Lancet,MOR - Mail Order,MOR - Mail Order
Gemco,Verio Meters,MOR - Mail Order,MOR - Mail Order
Edgepark Surgical,UltraSoft Lancet,MOR - Mail Order,MOR - Mail Order
Edgepark Surgical,Ultra Strips,MOR - Mail Order,MOR - Mail Order
Edgepark Surgical,Ultra Control Solution,MOR - Mail Order,MOR - Mail Order
Edgepark Surgical,Verio Strips,MOR - Mail Order,MOR - Mail Order
Edgepark Surgical,Verio Control Solution,MOR - Mail Order,MOR - Mail Order
Edgepark Surgical,OT Verio Reflect,MOR - Mail Order,MOR - Mail Order
Edgepark Surgical,Delica Plus Lancet,MOR - Mail Order,MOR - Mail Order
Edgepark Surgical,Verio Meters,MOR - Mail Order,MOR - Mail Order
DDP Medical Supply,UltraSoft Lancet,MOR - Mail Order,MOR - Mail Order
DDP Medical Supply,Ultra Strips,MOR - Mail Order,MOR - Mail Order
DDP Medical Supply,Ultra Control Solution,MOR - Mail Order,MOR - Mail Order
DDP Medical Supply,Verio Strips,MOR - Mail Order,MOR - Mail Order
DDP Medical Supply,Verio Control Solution,MOR - Mail Order,MOR - Mail Order
DDP Medical Supply,OT Verio Reflect,MOR - Mail Order,MOR - Mail Order
DDP Medical Supply,Delica Plus Lancet,MOR - Mail Order,MOR - Mail Order
DDP Medical Supply,Verio Meters,MOR - Mail Order,MOR - Mail Order
Independence,UltraSoft Lancet,MOR - Mail Order,MOR - Mail Order
Independence,Ultra Strips,MOR - Mail Order,MOR - Mail Order
Independence,Ultra Control Solution,MOR - Mail Order,MOR - Mail Order
Independence,Verio Strips,MOR - Mail Order,MOR - Mail Order
Independence,Verio Control Solution,MOR - Mail Order,MOR - Mail Order
Independence,OT Verio Reflect,MOR - Mail Order,MOR - Mail Order
Independence,Delica Plus Lancet,MOR - Mail Order,MOR - Mail Order
Independence,Verio Meters,MOR - Mail Order,MOR - Mail Order
US Med,UltraSoft Lancet,MOR - Mail Order,MOR - Mail Order
US Med,Ultra Strips,MOR - Mail Order,MOR - Mail Order
US Med,Ultra Control Solution,MOR - Mail Order,MOR - Mail Order
US Med,Verio Strips,MOR - Mail Order,MOR - Mail Order
US Med,Verio Control Solution,MOR - Mail Order,MOR - Mail Order
US Med,OT Verio Reflect,MOR - Mail Order,MOR - Mail Order
US Med,Delica Plus Lancet,MOR - Mail Order,MOR - Mail Order
US Med,Verio Meters,MOR - Mail Order,MOR - Mail Order
BYRAM-SE HEALTHCARE CENTERS,UltraSoft Lancet,MOR - Mail Order,MOR - Mail Order
BYRAM-SE HEALTHCARE CENTERS,Ultra Strips,MOR - Mail Order,MOR - Mail Order
BYRAM-SE HEALTHCARE CENTERS,Ultra Control Solution,MOR - Mail Order,MOR - Mail Order
BYRAM-SE HEALTHCARE CENTERS,Verio Strips,MOR - Mail Order,MOR - Mail Order
BYRAM-SE HEALTHCARE CENTERS,Verio Control Solution,MOR - Mail Order,MOR - Mail Order
BYRAM-SE HEALTHCARE CENTERS,OT Verio Reflect,MOR - Mail Order,MOR - Mail Order
BYRAM-SE HEALTHCARE CENTERS,Delica Plus Lancet,MOR - Mail Order,MOR - Mail Order
BYRAM-SE HEALTHCARE CENTERS,Verio Meters,MOR - Mail Order,MOR - Mail Order
Cardinal,UltraSoft Lancet,Cash,RCW - Retail/Consumer/Wholesaler
Cardinal,Ultra Strips,Cash,RCW - Retail/Consumer/Wholesaler
Cardinal,Ultra Control Solution,Cash,RCW - Retail/Consumer/Wholesaler
Cardinal,Verio Strips,Cash,RCW - Retail/Consumer/Wholesaler
Cardinal,Verio Control Solution,Cash,RCW - Retail/Consumer/Wholesaler
Cardinal,OT Verio Reflect,Cash,RCW - Retail/Consumer/Wholesaler
Cardinal,Delica Lancet,Cash,RCW - Retail/Consumer/Wholesaler
Cardinal,Verio Meters,Cash,RCW - Retail/Consumer/Wholesaler
McKesson,UltraSoft Lancet,Cash,RCW - Retail/Consumer/Wholesaler
McKesson,Ultra Strips,Cash,RCW - Retail/Consumer/Wholesaler
McKesson,Ultra Control Solution,Cash,RCW - Retail/Consumer/Wholesaler
McKesson,Verio Strips,Cash,RCW - Retail/Consumer/Wholesaler
McKesson,Verio Control Solution,Cash,RCW - Retail/Consumer/Wholesaler
McKesson,OT Verio Reflect,Cash,RCW - Retail/Consumer/Wholesaler
McKesson,Delica Plus Lancet,Cash,RCW - Retail/Consumer/Wholesaler
McKesson,Verio Meters,Cash,RCW - Retail/Consumer/Wholesaler
ABC,UltraSoft Lancet,Cash,RCW - Retail/Consumer/Wholesaler
ABC,Ultra Strips,Cash,RCW - Retail/Consumer/Wholesaler
ABC,Ultra Control Solution,Cash,RCW - Retail/Consumer/Wholesaler
ABC,Verio Strips,Cash,RCW - Retail/Consumer/Wholesaler
ABC,Verio Control Solution,Cash,RCW - Retail/Consumer/Wholesaler
ABC,OT Verio Reflect,Cash,RCW - Retail/Consumer/Wholesaler
ABC,Delica Lancet,Cash,RCW - Retail/Consumer/Wholesaler
ABC,Verio Meters,Cash,RCW - Retail/Consumer/Wholesaler
CVS,UltraSoft Lancet,Cash,RCW - Retail/Consumer/Wholesaler
CVS,Ultra Strips,Cash,RCW - Retail/Consumer/Wholesaler
CVS,Ultra Control Solution,Cash,RCW - Retail/Consumer/Wholesaler
CVS,Verio Strips,Cash,RCW - Retail/Consumer/Wholesaler
CVS,Verio Control Solution,Cash,RCW - Retail/Consumer/Wholesaler
CVS,OT Verio Reflect,Cash,RCW - Retail/Consumer/Wholesaler
CVS,Delica Plus Lancet,Cash,RCW - Retail/Consumer/Wholesaler
CVS,Verio Meters,Cash,RCW - Retail/Consumer/Wholesaler
Other,UltraSoft Lancet,Cash,RCW - Retail/Consumer/Wholesaler
Other,Ultra Strips,Cash,RCW - Retail/Consumer/Wholesaler
Other,Ultra Control Solution,Cash,RCW - Retail/Consumer/Wholesaler
Other,Verio Strips,Cash,RCW - Retail/Consumer/Wholesaler
Other,Verio Control Solution,Cash,RCW - Retail/Consumer/Wholesaler
Other,OT Verio Reflect,Cash,RCW - Retail/Consumer/Wholesaler
Other,Delica Plus Lancet,Cash,RCW - Retail/Consumer/Wholesaler
Other,Verio Meters,Cash,RCW - Retail/Consumer/Wholesaler
Other,Ultra Meters,Cash,RCW - Retail/Consumer/Wholesaler
Other,Delica Safety,Cash,RCW - Retail/Consumer/Wholesaler
Other,Ancillaries Other,Cash,RCW - Retail/Consumer/Wholesaler
Other,Delica Plus Lancing Device,Cash,RCW - Retail/Consumer/Wholesaler
Other,SureSoft Lancet,Cash,RCW - Retail/Consumer/Wholesaler
Other,Sales Tax (Exclude),Cash,RCW - Retail/Consumer/Wholesaler
Other,Delica Lancing Device,Cash,RCW - Retail/Consumer/Wholesaler
Other,Delica Lancet,Cash,RCW - Retail/Consumer/Wholesaler
Other,OT Verio IQ,Cash,RCW - Retail/Consumer/Wholesaler
Cardinal,Ultra Meters,Cash,RCW - Retail/Consumer/Wholesaler
McKesson,Ultra Meters,Cash,RCW - Retail/Consumer/Wholesaler
ABC,Ultra Meters,Cash,RCW - Retail/Consumer/Wholesaler
CVS,Ultra Meters,Cash,RCW - Retail/Consumer/Wholesaler
Cardinal,Delica Plus Lancing Device,Cash,RCW - Retail/Consumer/Wholesaler
McKesson,Delica Plus Lancing Device,Cash,RCW - Retail/Consumer/Wholesaler
ABC,Delica Plus Lancing Device,Cash,RCW - Retail/Consumer/Wholesaler
CVS,Delica Plus Lancing Device,Cash,RCW - Retail/Consumer/Wholesaler
Cardinal,UltraSoft Lancet,FFS Medicaid,RCW - Retail/Consumer/Wholesaler
Cardinal,Ultra Strips,FFS Medicaid,RCW - Retail/Consumer/Wholesaler
Cardinal,Ultra Control Solution,FFS Medicaid,RCW - Retail/Consumer/Wholesaler
Cardinal,Verio Strips,FFS Medicaid,RCW - Retail/Consumer/Wholesaler
Cardinal,Verio Control Solution,FFS Medicaid,RCW - Retail/Consumer/Wholesaler
Cardinal,OT Verio Reflect,FFS Medicaid,RCW - Retail/Consumer/Wholesaler
Cardinal,Delica Lancet,FFS Medicaid,RCW - Retail/Consumer/Wholesaler
Cardinal,Verio Meters,FFS Medicaid,RCW - Retail/Consumer/Wholesaler
McKesson,UltraSoft Lancet,FFS Medicaid,RCW - Retail/Consumer/Wholesaler
McKesson,Ultra Strips,FFS Medicaid,RCW - Retail/Consumer/Wholesaler
McKesson,Ultra Control Solution,FFS Medicaid,RCW - Retail/Consumer/Wholesaler
McKesson,Verio Strips,FFS Medicaid,RCW - Retail/Consumer/Wholesaler
McKesson,Verio Control Solution,FFS Medicaid,RCW - Retail/Consumer/Wholesaler
McKesson,OT Verio Reflect,FFS Medicaid,RCW - Retail/Consumer/Wholesaler
McKesson,Delica Plus Lancet,FFS Medicaid,RCW - Retail/Consumer/Wholesaler
McKesson,Verio Meters,FFS Medicaid,RCW - Retail/Consumer/Wholesaler
ABC,UltraSoft Lancet,FFS Medicaid,RCW - Retail/Consumer/Wholesaler
ABC,Ultra Strips,FFS Medicaid,RCW - Retail/Consumer/Wholesaler
ABC,Ultra Control Solution,FFS Medicaid,RCW - Retail/Consumer/Wholesaler
ABC,Verio Strips,FFS Medicaid,RCW - Retail/Consumer/Wholesaler
ABC,Verio Control Solution,FFS Medicaid,RCW - Retail/Consumer/Wholesaler
ABC,OT Verio Reflect,FFS Medicaid,RCW - Retail/Consumer/Wholesaler
ABC,Delica Lancet,FFS Medicaid,RCW - Retail/Consumer/Wholesaler
ABC,Verio Meters,FFS Medicaid,RCW - Retail/Consumer/Wholesaler
CVS,UltraSoft Lancet,FFS Medicaid,RCW - Retail/Consumer/Wholesaler
CVS,Ultra Strips,FFS Medicaid,RCW - Retail/Consumer/Wholesaler
CVS,Ultra Control Solution,FFS Medicaid,RCW - Retail/Consumer/Wholesaler
CVS,Verio Strips,FFS Medicaid,RCW - Retail/Consumer/Wholesaler
CVS,Verio Control Solution,FFS Medicaid,RCW - Retail/Consumer/Wholesaler
CVS,OT Verio Reflect,FFS Medicaid,RCW - Retail/Consumer/Wholesaler
CVS,Delica Plus Lancet,FFS Medicaid,RCW - Retail/Consumer/Wholesaler
CVS,Verio Meters,FFS Medicaid,RCW - Retail/Consumer/Wholesaler
Other,UltraSoft Lancet,FFS Medicaid,RCW - Retail/Consumer/Wholesaler
Other,Ultra Strips,FFS Medicaid,RCW - Retail/Consumer/Wholesaler
Other,Ultra Control Solution,FFS Medicaid,RCW - Retail/Consumer/Wholesaler
Other,Verio Strips,FFS Medicaid,RCW - Retail/Consumer/Wholesaler
Other,Verio Control Solution,FFS Medicaid,RCW - Retail/Consumer/Wholesaler
Other,OT Verio Reflect,FFS Medicaid,RCW - Retail/Consumer/Wholesaler
Other,Delica Plus Lancet,FFS Medicaid,RCW - Retail/Consumer/Wholesaler
Other,Verio Meters,FFS Medicaid,RCW - Retail/Consumer/Wholesaler
Other,Ultra Meters,FFS Medicaid,RCW - Retail/Consumer/Wholesaler
Other,Delica Safety,FFS Medicaid,RCW - Retail/Consumer/Wholesaler
Other,Ancillaries Other,FFS Medicaid,RCW - Retail/Consumer/Wholesaler
Other,Delica Plus Lancing Device,FFS Medicaid,RCW - Retail/Consumer/Wholesaler
Other,SureSoft Lancet,FFS Medicaid,RCW - Retail/Consumer/Wholesaler
Other,Sales Tax (Exclude),FFS Medicaid,RCW - Retail/Consumer/Wholesaler
Other,Delica Lancing Device,FFS Medicaid,RCW - Retail/Consumer/Wholesaler
Other,Delica Lancet,FFS Medicaid,RCW - Retail/Consumer/Wholesaler
Other,OT Verio IQ,FFS Medicaid,RCW - Retail/Consumer/Wholesaler
Cardinal,Ultra Meters,FFS Medicaid,RCW - Retail/Consumer/Wholesaler
McKesson,Ultra Meters,FFS Medicaid,RCW - Retail/Consumer/Wholesaler
ABC,Ultra Meters,FFS Medicaid,RCW - Retail/Consumer/Wholesaler
CVS,Ultra Meters,FFS Medicaid,RCW - Retail/Consumer/Wholesaler
Cardinal,Delica Plus Lancing Device,FFS Medicaid,RCW - Retail/Consumer/Wholesaler
McKesson,Delica Plus Lancing Device,FFS Medicaid,RCW - Retail/Consumer/Wholesaler
ABC,Delica Plus Lancing Device,FFS Medicaid,RCW - Retail/Consumer/Wholesaler
CVS,Delica Plus Lancing Device,FFS Medicaid,RCW - Retail/Consumer/Wholesaler
Cardinal,UltraSoft Lancet,MAP,RCW - Retail/Consumer/Wholesaler
Cardinal,Ultra Strips,MAP,RCW - Retail/Consumer/Wholesaler
Cardinal,Ultra Control Solution,MAP,RCW - Retail/Consumer/Wholesaler
Cardinal,Verio Strips,MAP,RCW - Retail/Consumer/Wholesaler
Cardinal,Verio Control Solution,MAP,RCW - Retail/Consumer/Wholesaler
Cardinal,OT Verio Reflect,MAP,RCW - Retail/Consumer/Wholesaler
Cardinal,Delica Lancet,MAP,RCW - Retail/Consumer/Wholesaler
Cardinal,Verio Meters,MAP,RCW - Retail/Consumer/Wholesaler
McKesson,UltraSoft Lancet,MAP,RCW - Retail/Consumer/Wholesaler
McKesson,Ultra Strips,MAP,RCW - Retail/Consumer/Wholesaler
McKesson,Ultra Control Solution,MAP,RCW - Retail/Consumer/Wholesaler
McKesson,Verio Strips,MAP,RCW - Retail/Consumer/Wholesaler
McKesson,Verio Control Solution,MAP,RCW - Retail/Consumer/Wholesaler
McKesson,OT Verio Reflect,MAP,RCW - Retail/Consumer/Wholesaler
McKesson,Delica Plus Lancet,MAP,RCW - Retail/Consumer/Wholesaler
McKesson,Verio Meters,MAP,RCW - Retail/Consumer/Wholesaler
ABC,UltraSoft Lancet,MAP,RCW - Retail/Consumer/Wholesaler
ABC,Ultra Strips,MAP,RCW - Retail/Consumer/Wholesaler
ABC,Ultra Control Solution,MAP,RCW - Retail/Consumer/Wholesaler
ABC,Verio Strips,MAP,RCW - Retail/Consumer/Wholesaler
ABC,Verio Control Solution,MAP,RCW - Retail/Consumer/Wholesaler
ABC,OT Verio Reflect,MAP,RCW - Retail/Consumer/Wholesaler
ABC,Delica Lancet,MAP,RCW - Retail/Consumer/Wholesaler
ABC,Verio Meters,MAP,RCW - Retail/Consumer/Wholesaler
CVS,UltraSoft Lancet,MAP,RCW - Retail/Consumer/Wholesaler
CVS,Ultra Strips,MAP,RCW - Retail/Consumer/Wholesaler
CVS,Ultra Control Solution,MAP,RCW - Retail/Consumer/Wholesaler
CVS,Verio Strips,MAP,RCW - Retail/Consumer/Wholesaler
CVS,Verio Control Solution,MAP,RCW - Retail/Consumer/Wholesaler
CVS,OT Verio Reflect,MAP,RCW - Retail/Consumer/Wholesaler
CVS,Delica Plus Lancet,MAP,RCW - Retail/Consumer/Wholesaler
CVS,Verio Meters,MAP,RCW - Retail/Consumer/Wholesaler
Other,UltraSoft Lancet,MAP,RCW - Retail/Consumer/Wholesaler
Other,Ultra Strips,MAP,RCW - Retail/Consumer/Wholesaler
Other,Ultra Control Solution,MAP,RCW - Retail/Consumer/Wholesaler
Other,Verio Strips,MAP,RCW - Retail/Consumer/Wholesaler
Other,Verio Control Solution,MAP,RCW - Retail/Consumer/Wholesaler
Other,OT Verio Reflect,MAP,RCW - Retail/Consumer/Wholesaler
Other,Delica Plus Lancet,MAP,RCW - Retail/Consumer/Wholesaler
Other,Verio Meters,MAP,RCW - Retail/Consumer/Wholesaler
Other,Ultra Meters,MAP,RCW - Retail/Consumer/Wholesaler
Other,Delica Safety,MAP,RCW - Retail/Consumer/Wholesaler
Other,Ancillaries Other,MAP,RCW - Retail/Consumer/Wholesaler
Other,Delica Plus Lancing Device,MAP,RCW - Retail/Consumer/Wholesaler
Other,SureSoft Lancet,MAP,RCW - Retail/Consumer/Wholesaler
Other,Sales Tax (Exclude),MAP,RCW - Retail/Consumer/Wholesaler
Other,Delica Lancing Device,MAP,RCW - Retail/Consumer/Wholesaler
Other,Delica Lancet,MAP,RCW - Retail/Consumer/Wholesaler
Other,OT Verio IQ,MAP,RCW - Retail/Consumer/Wholesaler
Cardinal,Ultra Meters,MAP,RCW - Retail/Consumer/Wholesaler
McKesson,Ultra Meters,MAP,RCW - Retail/Consumer/Wholesaler
ABC,Ultra Meters,MAP,RCW - Retail/Consumer/Wholesaler
CVS,Ultra Meters,MAP,RCW - Retail/Consumer/Wholesaler
Cardinal,Delica Plus Lancing Device,MAP,RCW - Retail/Consumer/Wholesaler
McKesson,Delica Plus Lancing Device,MAP,RCW - Retail/Consumer/Wholesaler
ABC,Delica Plus Lancing Device,MAP,RCW - Retail/Consumer/Wholesaler
CVS,Delica Plus Lancing Device,MAP,RCW - Retail/Consumer/Wholesaler
Cardinal,UltraSoft Lancet,Open & Disadvantaged,RCW - Retail/Consumer/Wholesaler
Cardinal,Ultra Strips,Open & Disadvantaged,RCW - Retail/Consumer/Wholesaler
Cardinal,Ultra Control Solution,Open & Disadvantaged,RCW - Retail/Consumer/Wholesaler
Cardinal,Verio Strips,Open & Disadvantaged,RCW - Retail/Consumer/Wholesaler
Cardinal,Verio Control Solution,Open & Disadvantaged,RCW - Retail/Consumer/Wholesaler
Cardinal,OT Verio Reflect,Open & Disadvantaged,RCW - Retail/Consumer/Wholesaler
Cardinal,Delica Lancet,Open & Disadvantaged,RCW - Retail/Consumer/Wholesaler
Cardinal,Verio Meters,Open & Disadvantaged,RCW - Retail/Consumer/Wholesaler
McKesson,UltraSoft Lancet,Open & Disadvantaged,RCW - Retail/Consumer/Wholesaler
McKesson,Ultra Strips,Open & Disadvantaged,RCW - Retail/Consumer/Wholesaler
McKesson,Ultra Control Solution,Open & Disadvantaged,RCW - Retail/Consumer/Wholesaler
McKesson,Verio Strips,Open & Disadvantaged,RCW - Retail/Consumer/Wholesaler
McKesson,Verio Control Solution,Open & Disadvantaged,RCW - Retail/Consumer/Wholesaler
McKesson,OT Verio Reflect,Open & Disadvantaged,RCW - Retail/Consumer/Wholesaler
McKesson,Delica Plus Lancet,Open & Disadvantaged,RCW - Retail/Consumer/Wholesaler
McKesson,Verio Meters,Open & Disadvantaged,RCW - Retail/Consumer/Wholesaler
ABC,UltraSoft Lancet,Open & Disadvantaged,RCW - Retail/Consumer/Wholesaler
ABC,Ultra Strips,Open & Disadvantaged,RCW - Retail/Consumer/Wholesaler
ABC,Ultra Control Solution,Open & Disadvantaged,RCW - Retail/Consumer/Wholesaler
ABC,Verio Strips,Open & Disadvantaged,RCW - Retail/Consumer/Wholesaler
ABC,Verio Control Solution,Open & Disadvantaged,RCW - Retail/Consumer/Wholesaler
ABC,OT Verio Reflect,Open & Disadvantaged,RCW - Retail/Consumer/Wholesaler
ABC,Delica Lancet,Open & Disadvantaged,RCW - Retail/Consumer/Wholesaler
ABC,Verio Meters,Open & Disadvantaged,RCW - Retail/Consumer/Wholesaler
CVS,UltraSoft Lancet,Open & Disadvantaged,RCW - Retail/Consumer/Wholesaler
CVS,Ultra Strips,Open & Disadvantaged,RCW - Retail/Consumer/Wholesaler
CVS,Ultra Control Solution,Open & Disadvantaged,RCW - Retail/Consumer/Wholesaler
CVS,Verio Strips,Open & Disadvantaged,RCW - Retail/Consumer/Wholesaler
CVS,Verio Control Solution,Open & Disadvantaged,RCW - Retail/Consumer/Wholesaler
CVS,OT Verio Reflect,Open & Disadvantaged,RCW - Retail/Consumer/Wholesaler
CVS,Delica Plus Lancet,Open & Disadvantaged,RCW - Retail/Consumer/Wholesaler
CVS,Verio Meters,Open & Disadvantaged,RCW - Retail/Consumer/Wholesaler
Other,UltraSoft Lancet,Open & Disadvantaged,RCW - Retail/Consumer/Wholesaler
Other,Ultra Strips,Open & Disadvantaged,RCW - Retail/Consumer/Wholesaler
Other,Ultra Control Solution,Open & Disadvantaged,RCW - Retail/Consumer/Wholesaler
Other,Verio Strips,Open & Disadvantaged,RCW - Retail/Consumer/Wholesaler
Other,Verio Control Solution,Open & Disadvantaged,RCW - Retail/Consumer/Wholesaler
Other,OT Verio Reflect,Open & Disadvantaged,RCW - Retail/Consumer/Wholesaler
Other,Delica Plus Lancet,Open & Disadvantaged,RCW - Retail/Consumer/Wholesaler
Other,Verio Meters,Open & Disadvantaged,RCW - Retail/Consumer/Wholesaler
Other,Ultra Meters,Open & Disadvantaged,RCW - Retail/Consumer/Wholesaler
Other,Delica Safety,Open & Disadvantaged,RCW - Retail/Consumer/Wholesaler
Other,Ancillaries Other,Open & Disadvantaged,RCW - Retail/Consumer/Wholesaler
Other,Delica Plus Lancing Device,Open & Disadvantaged,RCW - Retail/Consumer/Wholesaler
Other,SureSoft Lancet,Open & Disadvantaged,RCW - Retail/Consumer/Wholesaler
Other,Sales Tax (Exclude),Open & Disadvantaged,RCW - Retail/Consumer/Wholesaler
Other,Delica Lancing Device,Open & Disadvantaged,RCW - Retail/Consumer/Wholesaler
Other,Delica Lancet,Open & Disadvantaged,RCW - Retail/Consumer/Wholesaler
Other,OT Verio IQ,Open & Disadvantaged,RCW - Retail/Consumer/Wholesaler
Cardinal,Ultra Meters,Open & Disadvantaged,RCW - Retail/Consumer/Wholesaler
McKesson,Ultra Meters,Open & Disadvantaged,RCW - Retail/Consumer/Wholesaler
ABC,Ultra Meters,Open & Disadvantaged,RCW - Retail/Consumer/Wholesaler
CVS,Ultra Meters,Open & Disadvantaged,RCW - Retail/Consumer/Wholesaler
Cardinal,Delica Plus Lancing Device,Open & Disadvantaged,RCW - Retail/Consumer/Wholesaler
McKesson,Delica Plus Lancing Device,Open & Disadvantaged,RCW - Retail/Consumer/Wholesaler
ABC,Delica Plus Lancing Device,Open & Disadvantaged,RCW - Retail/Consumer/Wholesaler
CVS,Delica Plus Lancing Device,Open & Disadvantaged,RCW - Retail/Consumer/Wholesaler
ABC,Delica Safety,ESI Ascent,RCW - Retail/Consumer/Wholesaler
ABC,Delica Safety,"OptumRx, Inc.",RCW - Retail/Consumer/Wholesaler
ABC,Delica Safety,Caremark PCS,RCW - Retail/Consumer/Wholesaler
ABC,Delica Safety,"Express Scripts, Inc.",RCW - Retail/Consumer/Wholesaler
ABC,Delica Safety,Emisar Pharmacy Services LLC,RCW - Retail/Consumer/Wholesaler
ABC,Delica Safety,"Zinc Health Services, LLC",RCW - Retail/Consumer/Wholesaler
ABC,Delica Safety,CVS,RCW - Retail/Consumer/Wholesaler
ABC,Delica Safety,Cash,RCW - Retail/Consumer/Wholesaler
ABC,Delica Safety,FFS Medicaid,RCW - Retail/Consumer/Wholesaler
ABC,Delica Safety,MAP,RCW - Retail/Consumer/Wholesaler
ABC,Delica Safety,Open & Disadvantaged,RCW - Retail/Consumer/Wholesaler
Cardinal,UltraSoft Lancet,Other,RCW - Retail/Consumer/Wholesaler
Cardinal,Ultra Strips,Other,RCW - Retail/Consumer/Wholesaler
Cardinal,Ultra Control Solution,Other,RCW - Retail/Consumer/Wholesaler
Cardinal,Verio Strips,Other,RCW - Retail/Consumer/Wholesaler
Cardinal,Verio Control Solution,Other,RCW - Retail/Consumer/Wholesaler
Cardinal,OT Verio Reflect,Other,RCW - Retail/Consumer/Wholesaler
Cardinal,Delica Lancet,Other,RCW - Retail/Consumer/Wholesaler
Cardinal,Verio Meters,Other,RCW - Retail/Consumer/Wholesaler
McKesson,UltraSoft Lancet,Other,RCW - Retail/Consumer/Wholesaler
McKesson,Ultra Strips,Other,RCW - Retail/Consumer/Wholesaler
McKesson,Ultra Control Solution,Other,RCW - Retail/Consumer/Wholesaler
McKesson,Verio Strips,Other,RCW - Retail/Consumer/Wholesaler
McKesson,Verio Control Solution,Other,RCW - Retail/Consumer/Wholesaler
McKesson,OT Verio Reflect,Other,RCW - Retail/Consumer/Wholesaler
McKesson,Delica Plus Lancet,Other,RCW - Retail/Consumer/Wholesaler
McKesson,Verio Meters,Other,RCW - Retail/Consumer/Wholesaler
ABC,UltraSoft Lancet,Other,RCW - Retail/Consumer/Wholesaler
ABC,Ultra Strips,Other,RCW - Retail/Consumer/Wholesaler
ABC,Ultra Control Solution,Other,RCW - Retail/Consumer/Wholesaler
ABC,Verio Strips,Other,RCW - Retail/Consumer/Wholesaler
ABC,Verio Control Solution,Other,RCW - Retail/Consumer/Wholesaler
ABC,OT Verio Reflect,Other,RCW - Retail/Consumer/Wholesaler
ABC,Delica Lancet,Other,RCW - Retail/Consumer/Wholesaler
ABC,Verio Meters,Other,RCW - Retail/Consumer/Wholesaler
CVS,UltraSoft Lancet,Other,RCW - Retail/Consumer/Wholesaler
CVS,Ultra Strips,Other,RCW - Retail/Consumer/Wholesaler
CVS,Ultra Control Solution,Other,RCW - Retail/Consumer/Wholesaler
CVS,Verio Strips,Other,RCW - Retail/Consumer/Wholesaler
CVS,Verio Control Solution,Other,RCW - Retail/Consumer/Wholesaler
CVS,OT Verio Reflect,Other,RCW - Retail/Consumer/Wholesaler
CVS,Delica Plus Lancet,Other,RCW - Retail/Consumer/Wholesaler
CVS,Verio Meters,Other,RCW - Retail/Consumer/Wholesaler
Other,UltraSoft Lancet,Other,RCW - Retail/Consumer/Wholesaler
Other,Ultra Strips,Other,RCW - Retail/Consumer/Wholesaler
Other,Ultra Control Solution,Other,RCW - Retail/Consumer/Wholesaler
Other,Verio Strips,Other,RCW - Retail/Consumer/Wholesaler
Other,Verio Control Solution,Other,RCW - Retail/Consumer/Wholesaler
Other,OT Verio Reflect,Other,RCW - Retail/Consumer/Wholesaler
Other,Delica Plus Lancet,Other,RCW - Retail/Consumer/Wholesaler
Other,Verio Meters,Other,RCW - Retail/Consumer/Wholesaler
Other,Ultra Meters,Other,RCW - Retail/Consumer/Wholesaler
Other,Delica Safety,Other,RCW - Retail/Consumer/Wholesaler
Other,Ancillaries Other,Other,RCW - Retail/Consumer/Wholesaler
Other,Delica Plus Lancing Device,Other,RCW - Retail/Consumer/Wholesaler
Other,SureSoft Lancet,Other,RCW - Retail/Consumer/Wholesaler
Other,Sales Tax (Exclude),Other,RCW - Retail/Consumer/Wholesaler
Other,Delica Lancing Device,Other,RCW - Retail/Consumer/Wholesaler
Other,Delica Lancet,Other,RCW - Retail/Consumer/Wholesaler
Other,OT Verio IQ,Other,RCW - Retail/Consumer/Wholesaler
Cardinal,Ultra Meters,Other,RCW - Retail/Consumer/Wholesaler
McKesson,Ultra Meters,Other,RCW - Retail/Consumer/Wholesaler
ABC,Ultra Meters,Other,RCW - Retail/Consumer/Wholesaler
CVS,Ultra Meters,Other,RCW - Retail/Consumer/Wholesaler
Cardinal,Delica Plus Lancing Device,Other,RCW - Retail/Consumer/Wholesaler
McKesson,Delica Plus Lancing Device,Other,RCW - Retail/Consumer/Wholesaler
ABC,Delica Plus Lancing Device,Other,RCW - Retail/Consumer/Wholesaler
CVS,Delica Plus Lancing Device,Other,RCW - Retail/Consumer/Wholesaler
ABC,Delica Safety,Other,RCW - Retail/Consumer/Wholesaler
Other,UltraSoft Lancet,MOR - Mail Order,MOR - Mail Order
Other,Ultra Strips,MOR - Mail Order,MOR - Mail Order
Other,Ultra Control Solution,MOR - Mail Order,MOR - Mail Order
Other,Verio Strips,MOR - Mail Order,MOR - Mail Order
Other,Verio Control Solution,MOR - Mail Order,MOR - Mail Order
Other,OT Verio Reflect,MOR - Mail Order,MOR - Mail Order
Other,Delica Lancet,MOR - Mail Order,MOR - Mail Order
Other,Ultra Meters,MOR - Mail Order,MOR - Mail Order
Other,Verio Meters,MOR - Mail Order,MOR - Mail Order
Kaiser,Delica Plus Lancing Device,Kaiser,RCW - Retail/Consumer/Wholesaler
Other,Delica Plus Lancing Device,MOR - Mail Order,MOR - Mail Order
Other MO & W8,Delica Plus Lancing Device,MOR - Mail Order,MOR - Mail Order
Cardinal,Delica Safety,ESI Ascent,RCW - Retail/Consumer/Wholesaler
Cardinal,Delica Safety,"OptumRx, Inc.",RCW - Retail/Consumer/Wholesaler
Cardinal,Delica Safety,Caremark PCS,RCW - Retail/Consumer/Wholesaler
Cardinal,Delica Safety,"Express Scripts, Inc.",RCW - Retail/Consumer/Wholesaler
Cardinal,Delica Safety,Emisar Pharmacy Services LLC,RCW - Retail/Consumer/Wholesaler
Cardinal,Delica Safety,"Zinc Health Services, LLC",RCW - Retail/Consumer/Wholesaler
Cardinal,Delica Safety,CVS,RCW - Retail/Consumer/Wholesaler
Cardinal,Delica Safety,Cash,RCW - Retail/Consumer/Wholesaler
Cardinal,Delica Safety,FFS Medicaid,RCW - Retail/Consumer/Wholesaler
Cardinal,Delica Safety,MAP,RCW - Retail/Consumer/Wholesaler
Cardinal,Delica Safety,Open & Disadvantaged,RCW - Retail/Consumer/Wholesaler
Cardinal,Delica Safety,Other,RCW - Retail/Consumer/Wholesaler
Other MO & W8,Delica Safety,MOR - Mail Order,MOR - Mail Order
Kaiser,SureSoft Lancet,Kaiser,RCW - Retail/Consumer/Wholesaler
Cardinal,SureSoft Lancet,ESI Ascent,RCW - Retail/Consumer/Wholesaler
Cardinal,SureSoft Lancet,"OptumRx, Inc.",RCW - Retail/Consumer/Wholesaler
Cardinal,SureSoft Lancet,Caremark PCS,RCW - Retail/Consumer/Wholesaler
Cardinal,SureSoft Lancet,"Express Scripts, Inc.",RCW - Retail/Consumer/Wholesaler
Cardinal,SureSoft Lancet,Emisar Pharmacy Services LLC,RCW - Retail/Consumer/Wholesaler
Cardinal,SureSoft Lancet,"Zinc Health Services, LLC",RCW - Retail/Consumer/Wholesaler
Cardinal,SureSoft Lancet,CVS,RCW - Retail/Consumer/Wholesaler
Kaiser,Ancillaries Other,Kaiser,RCW - Retail/Consumer/Wholesaler
Other,Ancillaries Other,MOR - Mail Order,MOR - Mail Order
Cardinal,SureSoft Lancet,Other,RCW - Retail/Consumer/Wholesaler
Cardinal,SureSoft Lancet,Cash,RCW - Retail/Consumer/Wholesaler
Cardinal,SureSoft Lancet,Open & Disadvantaged,RCW - Retail/Consumer/Wholesaler
Cardinal,SureSoft Lancet,MAP,RCW - Retail/Consumer/Wholesaler
Cardinal,SureSoft Lancet,FFS Medicaid,RCW - Retail/Consumer/Wholesaler
McKesson,Delica Safety,ESI Ascent,RCW - Retail/Consumer/Wholesaler
McKesson,Delica Safety,"OptumRx, Inc.",RCW - Retail/Consumer/Wholesaler
McKesson,Delica Safety,Caremark PCS,RCW - Retail/Consumer/Wholesaler
McKesson,Delica Safety,"Express Scripts, Inc.",RCW - Retail/Consumer/Wholesaler
McKesson,Delica Safety,Emisar Pharmacy Services LLC,RCW - Retail/Consumer/Wholesaler
McKesson,Delica Safety,"Zinc Health Services, LLC",RCW - Retail/Consumer/Wholesaler
McKesson,Delica Safety,CVS,RCW - Retail/Consumer/Wholesaler
McKesson,Delica Safety,Cash,RCW - Retail/Consumer/Wholesaler
McKesson,Delica Safety,FFS Medicaid,RCW - Retail/Consumer/Wholesaler
McKesson,Delica Safety,MAP,RCW - Retail/Consumer/Wholesaler
McKesson,Delica Safety,Open & Disadvantaged,RCW - Retail/Consumer/Wholesaler
McKesson,Delica Safety,Other,RCW - Retail/Consumer/Wholesaler
Kaiser,Delica Safety,Kaiser,RCW - Retail/Consumer/Wholesaler
CVS,SureSoft Lancet,ESI Ascent,RCW - Retail/Consumer/Wholesaler
CVS,SureSoft Lancet,"OptumRx, Inc.",RCW - Retail/Consumer/Wholesaler
CVS,SureSoft Lancet,Caremark PCS,RCW - Retail/Consumer/Wholesaler
CVS,SureSoft Lancet,"Express Scripts, Inc.",RCW - Retail/Consumer/Wholesaler
CVS,SureSoft Lancet,Emisar Pharmacy Services LLC,RCW - Retail/Consumer/Wholesaler
CVS,SureSoft Lancet,"Zinc Health Services, LLC",RCW - Retail/Consumer/Wholesaler
CVS,SureSoft Lancet,CVS,RCW - Retail/Consumer/Wholesaler
CVS,SureSoft Lancet,Cash,RCW - Retail/Consumer/Wholesaler
CVS,SureSoft Lancet,FFS Medicaid,RCW - Retail/Consumer/Wholesaler
CVS,SureSoft Lancet,MAP,RCW - Retail/Consumer/Wholesaler
CVS,SureSoft Lancet,Open & Disadvantaged,RCW - Retail/Consumer/Wholesaler
CVS,SureSoft Lancet,Other,RCW - Retail/Consumer/Wholesaler
CVS,Delica Lancet,ESI Ascent,RCW - Retail/Consumer/Wholesaler
CVS,Delica Lancet,"OptumRx, Inc.",RCW - Retail/Consumer/Wholesaler
CVS,Delica Lancet,Caremark PCS,RCW - Retail/Consumer/Wholesaler
CVS,Delica Lancet,"Express Scripts, Inc.",RCW - Retail/Consumer/Wholesaler
CVS,Delica Lancet,Emisar Pharmacy Services LLC,RCW - Retail/Consumer/Wholesaler
CVS,Delica Lancet,"Zinc Health Services, LLC",RCW - Retail/Consumer/Wholesaler
CVS,Delica Lancet,CVS,RCW - Retail/Consumer/Wholesaler
CVS,Delica Lancet,Cash,RCW - Retail/Consumer/Wholesaler
CVS,Delica Lancet,FFS Medicaid,RCW - Retail/Consumer/Wholesaler
CVS,Delica Lancet,MAP,RCW - Retail/Consumer/Wholesaler
CVS,Delica Lancet,Open & Disadvantaged,RCW - Retail/Consumer/Wholesaler
CVS,Delica Lancet,Other,RCW - Retail/Consumer/Wholesaler
McKesson,Delica Lancet,ESI Ascent,RCW - Retail/Consumer/Wholesaler
McKesson,Delica Lancet,"OptumRx, Inc.",RCW - Retail/Consumer/Wholesaler
McKesson,Delica Lancet,Caremark PCS,RCW - Retail/Consumer/Wholesaler
McKesson,Delica Lancet,"Express Scripts, Inc.",RCW - Retail/Consumer/Wholesaler
McKesson,Delica Lancet,Emisar Pharmacy Services LLC,RCW - Retail/Consumer/Wholesaler
McKesson,Delica Lancet,"Zinc Health Services, LLC",RCW - Retail/Consumer/Wholesaler
McKesson,Delica Lancet,CVS,RCW - Retail/Consumer/Wholesaler
McKesson,Delica Lancet,Cash,RCW - Retail/Consumer/Wholesaler
McKesson,Delica Lancet,FFS Medicaid,RCW - Retail/Consumer/Wholesaler
McKesson,Delica Lancet,MAP,RCW - Retail/Consumer/Wholesaler
McKesson,Delica Lancet,Open & Disadvantaged,RCW - Retail/Consumer/Wholesaler
McKesson,Delica Lancet,Other,RCW - Retail/Consumer/Wholesaler
CVS,Delica Lancing Device,ESI Ascent,RCW - Retail/Consumer/Wholesaler
CVS,Delica Lancing Device,"OptumRx, Inc.",RCW - Retail/Consumer/Wholesaler
CVS,Delica Lancing Device,Caremark PCS,RCW - Retail/Consumer/Wholesaler
CVS,Delica Lancing Device,"Express Scripts, Inc.",RCW - Retail/Consumer/Wholesaler
CVS,Delica Lancing Device,Emisar Pharmacy Services LLC,RCW - Retail/Consumer/Wholesaler
CVS,Delica Lancing Device,"Zinc Health Services, LLC",RCW - Retail/Consumer/Wholesaler
CVS,Delica Lancing Device,CVS,RCW - Retail/Consumer/Wholesaler
CVS,Delica Lancing Device,Cash,RCW - Retail/Consumer/Wholesaler
CVS,Delica Lancing Device,FFS Medicaid,RCW - Retail/Consumer/Wholesaler
CVS,Delica Lancing Device,MAP,RCW - Retail/Consumer/Wholesaler
CVS,Delica Lancing Device,Open & Disadvantaged,RCW - Retail/Consumer/Wholesaler
CVS,Delica Lancing Device,Other,RCW - Retail/Consumer/Wholesaler
Cardinal,UltraSoft Lancet,Buydown,RCW - Retail/Consumer/Wholesaler
Cardinal,Ultra Strips,Buydown,RCW - Retail/Consumer/Wholesaler
Cardinal,Ultra Control Solution,Buydown,RCW - Retail/Consumer/Wholesaler
Cardinal,Verio Strips,Buydown,RCW - Retail/Consumer/Wholesaler
Cardinal,Verio Control Solution,Buydown,RCW - Retail/Consumer/Wholesaler
Cardinal,OT Verio Reflect,Buydown,RCW - Retail/Consumer/Wholesaler
Cardinal,Delica Lancet,Buydown,RCW - Retail/Consumer/Wholesaler
Cardinal,Verio Meters,Buydown,RCW - Retail/Consumer/Wholesaler
McKesson,UltraSoft Lancet,Buydown,RCW - Retail/Consumer/Wholesaler
McKesson,Ultra Strips,Buydown,RCW - Retail/Consumer/Wholesaler
McKesson,Ultra Control Solution,Buydown,RCW - Retail/Consumer/Wholesaler
McKesson,Verio Strips,Buydown,RCW - Retail/Consumer/Wholesaler
McKesson,Verio Control Solution,Buydown,RCW - Retail/Consumer/Wholesaler
McKesson,OT Verio Reflect,Buydown,RCW - Retail/Consumer/Wholesaler
McKesson,Delica Plus Lancet,Buydown,RCW - Retail/Consumer/Wholesaler
McKesson,Verio Meters,Buydown,RCW - Retail/Consumer/Wholesaler
ABC,UltraSoft Lancet,Buydown,RCW - Retail/Consumer/Wholesaler
ABC,Ultra Strips,Buydown,RCW - Retail/Consumer/Wholesaler
ABC,Ultra Control Solution,Buydown,RCW - Retail/Consumer/Wholesaler
ABC,Verio Strips,Buydown,RCW - Retail/Consumer/Wholesaler
ABC,Verio Control Solution,Buydown,RCW - Retail/Consumer/Wholesaler
ABC,OT Verio Reflect,Buydown,RCW - Retail/Consumer/Wholesaler
ABC,Delica Lancet,Buydown,RCW - Retail/Consumer/Wholesaler
ABC,Verio Meters,Buydown,RCW - Retail/Consumer/Wholesaler
CVS,UltraSoft Lancet,Buydown,RCW - Retail/Consumer/Wholesaler
CVS,Ultra Strips,Buydown,RCW - Retail/Consumer/Wholesaler
CVS,Ultra Control Solution,Buydown,RCW - Retail/Consumer/Wholesaler
CVS,Verio Strips,Buydown,RCW - Retail/Consumer/Wholesaler
CVS,Verio Control Solution,Buydown,RCW - Retail/Consumer/Wholesaler
CVS,OT Verio Reflect,Buydown,RCW - Retail/Consumer/Wholesaler
CVS,Delica Plus Lancet,Buydown,RCW - Retail/Consumer/Wholesaler
CVS,Verio Meters,Buydown,RCW - Retail/Consumer/Wholesaler
Other,UltraSoft Lancet,Buydown,RCW - Retail/Consumer/Wholesaler
Other,Ultra Strips,Buydown,RCW - Retail/Consumer/Wholesaler
Other,Ultra Control Solution,Buydown,RCW - Retail/Consumer/Wholesaler
Other,Verio Strips,Buydown,RCW - Retail/Consumer/Wholesaler
Other,Verio Control Solution,Buydown,RCW - Retail/Consumer/Wholesaler
Other,OT Verio Reflect,Buydown,RCW - Retail/Consumer/Wholesaler
Other,Delica Plus Lancet,Buydown,RCW - Retail/Consumer/Wholesaler
Other,Verio Meters,Buydown,RCW - Retail/Consumer/Wholesaler
Other,Ultra Meters,Buydown,RCW - Retail/Consumer/Wholesaler
Other,Delica Safety,Buydown,RCW - Retail/Consumer/Wholesaler
Other,Ancillaries Other,Buydown,RCW - Retail/Consumer/Wholesaler
Other,Delica Plus Lancing Device,Buydown,RCW - Retail/Consumer/Wholesaler
Other,SureSoft Lancet,Buydown,RCW - Retail/Consumer/Wholesaler
Other,Sales Tax (Exclude),Buydown,RCW - Retail/Consumer/Wholesaler
Other,Delica Lancing Device,Buydown,RCW - Retail/Consumer/Wholesaler
Other,Delica Lancet,Buydown,RCW - Retail/Consumer/Wholesaler
Other,OT Verio IQ,Buydown,RCW - Retail/Consumer/Wholesaler
Cardinal,Ultra Meters,Buydown,RCW - Retail/Consumer/Wholesaler
McKesson,Ultra Meters,Buydown,RCW - Retail/Consumer/Wholesaler
ABC,Ultra Meters,Buydown,RCW - Retail/Consumer/Wholesaler
CVS,Ultra Meters,Buydown,RCW - Retail/Consumer/Wholesaler
Cardinal,Delica Plus Lancing Device,Buydown,RCW - Retail/Consumer/Wholesaler
McKesson,Delica Plus Lancing Device,Buydown,RCW - Retail/Consumer/Wholesaler
ABC,Delica Plus Lancing Device,Buydown,RCW - Retail/Consumer/Wholesaler
CVS,Delica Plus Lancing Device,Buydown,RCW - Retail/Consumer/Wholesaler
ABC,Delica Safety,Buydown,RCW - Retail/Consumer/Wholesaler
Cardinal,Delica Safety,Buydown,RCW - Retail/Consumer/Wholesaler
Cardinal,SureSoft Lancet,Buydown,RCW - Retail/Consumer/Wholesaler
McKesson,Delica Safety,Buydown,RCW - Retail/Consumer/Wholesaler
CVS,SureSoft Lancet,Buydown,RCW - Retail/Consumer/Wholesaler
CVS,Delica Lancet,Buydown,RCW - Retail/Consumer/Wholesaler
McKesson,Delica Lancet,Buydown,RCW - Retail/Consumer/Wholesaler
CVS,Delica Lancing Device,Buydown,RCW - Retail/Consumer/Wholesaler
Cardinal,Ancillaries Other,ESI Ascent,RCW - Retail/Consumer/Wholesaler
Cardinal,Ancillaries Other,"OptumRx, Inc.",RCW - Retail/Consumer/Wholesaler
Cardinal,Ancillaries Other,Caremark PCS,RCW - Retail/Consumer/Wholesaler
Cardinal,Ancillaries Other,"Express Scripts, Inc.",RCW - Retail/Consumer/Wholesaler
Cardinal,Ancillaries Other,Emisar Pharmacy Services LLC,RCW - Retail/Consumer/Wholesaler
Cardinal,Ancillaries Other,"Zinc Health Services, LLC",RCW - Retail/Consumer/Wholesaler
Cardinal,Ancillaries Other,CVS,RCW - Retail/Consumer/Wholesaler
McKesson,Ancillaries Other,ESI Ascent,RCW - Retail/Consumer/Wholesaler
McKesson,Ancillaries Other,"OptumRx, Inc.",RCW - Retail/Consumer/Wholesaler
McKesson,Ancillaries Other,Caremark PCS,RCW - Retail/Consumer/Wholesaler
McKesson,Ancillaries Other,"Express Scripts, Inc.",RCW - Retail/Consumer/Wholesaler
McKesson,Ancillaries Other,Emisar Pharmacy Services LLC,RCW - Retail/Consumer/Wholesaler
McKesson,Ancillaries Other,"Zinc Health Services, LLC",RCW - Retail/Consumer/Wholesaler
McKesson,Ancillaries Other,CVS,RCW - Retail/Consumer/Wholesaler
ABC,Ancillaries Other,ESI Ascent,RCW - Retail/Consumer/Wholesaler
ABC,Ancillaries Other,"OptumRx, Inc.",RCW - Retail/Consumer/Wholesaler
ABC,Ancillaries Other,Caremark PCS,RCW - Retail/Consumer/Wholesaler
ABC,Ancillaries Other,"Express Scripts, Inc.",RCW - Retail/Consumer/Wholesaler
ABC,Ancillaries Other,Emisar Pharmacy Services LLC,RCW - Retail/Consumer/Wholesaler
ABC,Ancillaries Other,"Zinc Health Services, LLC",RCW - Retail/Consumer/Wholesaler
ABC,Ancillaries Other,CVS,RCW - Retail/Consumer/Wholesaler
CVS,Ancillaries Other,ESI Ascent,RCW - Retail/Consumer/Wholesaler
CVS,Ancillaries Other,"OptumRx, Inc.",RCW - Retail/Consumer/Wholesaler
CVS,Ancillaries Other,Caremark PCS,RCW - Retail/Consumer/Wholesaler
CVS,Ancillaries Other,"Express Scripts, Inc.",RCW - Retail/Consumer/Wholesaler
CVS,Ancillaries Other,Emisar Pharmacy Services LLC,RCW - Retail/Consumer/Wholesaler
CVS,Ancillaries Other,"Zinc Health Services, LLC",RCW - Retail/Consumer/Wholesaler
CVS,Ancillaries Other,CVS,RCW - Retail/Consumer/Wholesaler
Pattern,Ancillaries Other,Ecomm - Ecommerce,Ecomm - Ecommerce
Truepill,Ancillaries Other,Ecomm - Ecommerce,Ecomm - Ecommerce
Other MO & W8,Ancillaries Other,MOR - Mail Order,MOR - Mail Order
Gemco,Ancillaries Other,MOR - Mail Order,MOR - Mail Order
Edgepark Surgical,Ancillaries Other,MOR - Mail Order,MOR - Mail Order
DDP Medical Supply,Ancillaries Other,MOR - Mail Order,MOR - Mail Order
Independence,Ancillaries Other,MOR - Mail Order,MOR - Mail Order
US Med,Ancillaries Other,MOR - Mail Order,MOR - Mail Order
BYRAM-SE HEALTHCARE CENTERS,Ancillaries Other,MOR - Mail Order,MOR - Mail Order
Cardinal,Ancillaries Other,Cash,RCW - Retail/Consumer/Wholesaler
McKesson,Ancillaries Other,Cash,RCW - Retail/Consumer/Wholesaler
ABC,Ancillaries Other,Cash,RCW - Retail/Consumer/Wholesaler
CVS,Ancillaries Other,Cash,RCW - Retail/Consumer/Wholesaler
Cardinal,Ancillaries Other,FFS Medicaid,RCW - Retail/Consumer/Wholesaler
McKesson,Ancillaries Other,FFS Medicaid,RCW - Retail/Consumer/Wholesaler
ABC,Ancillaries Other,FFS Medicaid,RCW - Retail/Consumer/Wholesaler
CVS,Ancillaries Other,FFS Medicaid,RCW - Retail/Consumer/Wholesaler
Cardinal,Ancillaries Other,MAP,RCW - Retail/Consumer/Wholesaler
McKesson,Ancillaries Other,MAP,RCW - Retail/Consumer/Wholesaler
ABC,Ancillaries Other,MAP,RCW - Retail/Consumer/Wholesaler
CVS,Ancillaries Other,MAP,RCW - Retail/Consumer/Wholesaler
Cardinal,Ancillaries Other,Open & Disadvantaged,RCW - Retail/Consumer/Wholesaler
McKesson,Ancillaries Other,Open & Disadvantaged,RCW - Retail/Consumer/Wholesaler
ABC,Ancillaries Other,Open & Disadvantaged,RCW - Retail/Consumer/Wholesaler
CVS,Ancillaries Other,Open & Disadvantaged,RCW - Retail/Consumer/Wholesaler
Cardinal,Ancillaries Other,Other,RCW - Retail/Consumer/Wholesaler
McKesson,Ancillaries Other,Other,RCW - Retail/Consumer/Wholesaler
ABC,Ancillaries Other,Other,RCW - Retail/Consumer/Wholesaler
CVS,Ancillaries Other,Other,RCW - Retail/Consumer/Wholesaler
Cardinal,Ancillaries Other,Buydown,RCW - Retail/Consumer/Wholesaler
McKesson,Ancillaries Other,Buydown,RCW - Retail/Consumer/Wholesaler
ABC,Ancillaries Other,Buydown,RCW - Retail/Consumer/Wholesaler
CVS,Ancillaries Other,Buydown,RCW - Retail/Consumer/Wholesaler
Cardinal,Delica Lancing Device,ESI Ascent,RCW - Retail/Consumer/Wholesaler
Cardinal,Delica Lancing Device,"OptumRx, Inc.",RCW - Retail/Consumer/Wholesaler
Cardinal,Delica Lancing Device,Caremark PCS,RCW - Retail/Consumer/Wholesaler
Cardinal,Delica Lancing Device,"Express Scripts, Inc.",RCW - Retail/Consumer/Wholesaler
Cardinal,Delica Lancing Device,Emisar Pharmacy Services LLC,RCW - Retail/Consumer/Wholesaler
Cardinal,Delica Lancing Device,"Zinc Health Services, LLC",RCW - Retail/Consumer/Wholesaler
Cardinal,Delica Lancing Device,CVS,RCW - Retail/Consumer/Wholesaler
McKesson,Delica Lancing Device,ESI Ascent,RCW - Retail/Consumer/Wholesaler
McKesson,Delica Lancing Device,"OptumRx, Inc.",RCW - Retail/Consumer/Wholesaler
McKesson,Delica Lancing Device,Caremark PCS,RCW - Retail/Consumer/Wholesaler
McKesson,Delica Lancing Device,"Express Scripts, Inc.",RCW - Retail/Consumer/Wholesaler
McKesson,Delica Lancing Device,Emisar Pharmacy Services LLC,RCW - Retail/Consumer/Wholesaler
McKesson,Delica Lancing Device,"Zinc Health Services, LLC",RCW - Retail/Consumer/Wholesaler
McKesson,Delica Lancing Device,CVS,RCW - Retail/Consumer/Wholesaler
ABC,Delica Lancing Device,ESI Ascent,RCW - Retail/Consumer/Wholesaler
ABC,Delica Lancing Device,"OptumRx, Inc.",RCW - Retail/Consumer/Wholesaler
ABC,Delica Lancing Device,Caremark PCS,RCW - Retail/Consumer/Wholesaler
ABC,Delica Lancing Device,"Express Scripts, Inc.",RCW - Retail/Consumer/Wholesaler
ABC,Delica Lancing Device,Emisar Pharmacy Services LLC,RCW - Retail/Consumer/Wholesaler
ABC,Delica Lancing Device,"Zinc Health Services, LLC",RCW - Retail/Consumer/Wholesaler
ABC,Delica Lancing Device,CVS,RCW - Retail/Consumer/Wholesaler
Kaiser,Delica Lancing Device,Kaiser,RCW - Retail/Consumer/Wholesaler
Pattern,Delica Lancing Device,Ecomm - Ecommerce,Ecomm - Ecommerce
Truepill,Delica Lancing Device,Ecomm - Ecommerce,Ecomm - Ecommerce
Other MO & W8,Delica Lancing Device,MOR - Mail Order,MOR - Mail Order
Gemco,Delica Lancing Device,MOR - Mail Order,MOR - Mail Order
Edgepark Surgical,Delica Lancing Device,MOR - Mail Order,MOR - Mail Order
DDP Medical Supply,Delica Lancing Device,MOR - Mail Order,MOR - Mail Order
Independence,Delica Lancing Device,MOR - Mail Order,MOR - Mail Order
US Med,Delica Lancing Device,MOR - Mail Order,MOR - Mail Order
BYRAM-SE HEALTHCARE CENTERS,Delica Lancing Device,MOR - Mail Order,MOR - Mail Order
Cardinal,Delica Lancing Device,Cash,RCW - Retail/Consumer/Wholesaler
McKesson,Delica Lancing Device,Cash,RCW - Retail/Consumer/Wholesaler
ABC,Delica Lancing Device,Cash,RCW - Retail/Consumer/Wholesaler
Cardinal,Delica Lancing Device,FFS Medicaid,RCW - Retail/Consumer/Wholesaler
McKesson,Delica Lancing Device,FFS Medicaid,RCW - Retail/Consumer/Wholesaler
ABC,Delica Lancing Device,FFS Medicaid,RCW - Retail/Consumer/Wholesaler
Cardinal,Delica Lancing Device,MAP,RCW - Retail/Consumer/Wholesaler
McKesson,Delica Lancing Device,MAP,RCW - Retail/Consumer/Wholesaler
ABC,Delica Lancing Device,MAP,RCW - Retail/Consumer/Wholesaler
Cardinal,Delica Lancing Device,Open & Disadvantaged,RCW - Retail/Consumer/Wholesaler
McKesson,Delica Lancing Device,Open & Disadvantaged,RCW - Retail/Consumer/Wholesaler
ABC,Delica Lancing Device,Open & Disadvantaged,RCW - Retail/Consumer/Wholesaler
Cardinal,Delica Lancing Device,Other,RCW - Retail/Consumer/Wholesaler
McKesson,Delica Lancing Device,Other,RCW - Retail/Consumer/Wholesaler
ABC,Delica Lancing Device,Other,RCW - Retail/Consumer/Wholesaler
Other,Delica Lancing Device,MOR - Mail Order,MOR - Mail Order
Cardinal,Delica Lancing Device,Buydown,RCW - Retail/Consumer/Wholesaler
McKesson,Delica Lancing Device,Buydown,RCW - Retail/Consumer/Wholesaler
ABC,Delica Lancing Device,Buydown,RCW - Retail/Consumer/Wholesaler
Cardinal,Delica Plus Lancet,ESI Ascent,RCW - Retail/Consumer/Wholesaler
Cardinal,Delica Plus Lancet,"OptumRx, Inc.",RCW - Retail/Consumer/Wholesaler
Cardinal,Delica Plus Lancet,Caremark PCS,RCW - Retail/Consumer/Wholesaler
Cardinal,Delica Plus Lancet,"Express Scripts, Inc.",RCW - Retail/Consumer/Wholesaler
Cardinal,Delica Plus Lancet,Emisar Pharmacy Services LLC,RCW - Retail/Consumer/Wholesaler
Cardinal,Delica Plus Lancet,"Zinc Health Services, LLC",RCW - Retail/Consumer/Wholesaler
Cardinal,Delica Plus Lancet,CVS,RCW - Retail/Consumer/Wholesaler
ABC,Delica Plus Lancet,ESI Ascent,RCW - Retail/Consumer/Wholesaler
ABC,Delica Plus Lancet,"OptumRx, Inc.",RCW - Retail/Consumer/Wholesaler
ABC,Delica Plus Lancet,Caremark PCS,RCW - Retail/Consumer/Wholesaler
ABC,Delica Plus Lancet,"Express Scripts, Inc.",RCW - Retail/Consumer/Wholesaler
ABC,Delica Plus Lancet,Emisar Pharmacy Services LLC,RCW - Retail/Consumer/Wholesaler
ABC,Delica Plus Lancet,"Zinc Health Services, LLC",RCW - Retail/Consumer/Wholesaler
ABC,Delica Plus Lancet,CVS,RCW - Retail/Consumer/Wholesaler
Kaiser,Delica Plus Lancet,Kaiser,RCW - Retail/Consumer/Wholesaler
Pattern,Delica Plus Lancet,Ecomm - Ecommerce,Ecomm - Ecommerce
Other MO & W8,Delica Plus Lancet,MOR - Mail Order,MOR - Mail Order
Cardinal,Delica Plus Lancet,Cash,RCW - Retail/Consumer/Wholesaler
ABC,Delica Plus Lancet,Cash,RCW - Retail/Consumer/Wholesaler
Cardinal,Delica Plus Lancet,FFS Medicaid,RCW - Retail/Consumer/Wholesaler
ABC,Delica Plus Lancet,FFS Medicaid,RCW - Retail/Consumer/Wholesaler
Cardinal,Delica Plus Lancet,MAP,RCW - Retail/Consumer/Wholesaler
ABC,Delica Plus Lancet,MAP,RCW - Retail/Consumer/Wholesaler
Cardinal,Delica Plus Lancet,Open & Disadvantaged,RCW - Retail/Consumer/Wholesaler
ABC,Delica Plus Lancet,Open & Disadvantaged,RCW - Retail/Consumer/Wholesaler
Cardinal,Delica Plus Lancet,Other,RCW - Retail/Consumer/Wholesaler
ABC,Delica Plus Lancet,Other,RCW - Retail/Consumer/Wholesaler
Other,Delica Plus Lancet,MOR - Mail Order,MOR - Mail Order
Cardinal,Delica Plus Lancet,Buydown,RCW - Retail/Consumer/Wholesaler
ABC,Delica Plus Lancet,Buydown,RCW - Retail/Consumer/Wholesaler
Kaiser,Ultra Meters,Kaiser,RCW - Retail/Consumer/Wholesaler
Pattern,Ultra Meters,Ecomm - Ecommerce,Ecomm - Ecommerce
Truepill,Ultra Meters,Ecomm - Ecommerce,Ecomm - Ecommerce
Gemco,Ultra Meters,MOR - Mail Order,MOR - Mail Order
Edgepark Surgical,Ultra Meters,MOR - Mail Order,MOR - Mail Order
DDP Medical Supply,Ultra Meters,MOR - Mail Order,MOR - Mail Order
Independence,Ultra Meters,MOR - Mail Order,MOR - Mail Order
US Med,Ultra Meters,MOR - Mail Order,MOR - Mail Order
BYRAM-SE HEALTHCARE CENTERS,Ultra Meters,MOR - Mail Order,MOR - Mail Order
Cardinal,Ultra Plus Meters,ESI Ascent,RCW - Retail/Consumer/Wholesaler
Cardinal,Ultra Plus Meters,"OptumRx, Inc.",RCW - Retail/Consumer/Wholesaler
Cardinal,Ultra Plus Meters,Caremark PCS,RCW - Retail/Consumer/Wholesaler
Cardinal,Ultra Plus Meters,"Express Scripts, Inc.",RCW - Retail/Consumer/Wholesaler
Cardinal,Ultra Plus Meters,Emisar Pharmacy Services LLC,RCW - Retail/Consumer/Wholesaler
Cardinal,Ultra Plus Meters,"Zinc Health Services, LLC",RCW - Retail/Consumer/Wholesaler
Cardinal,Ultra Plus Meters,CVS,RCW - Retail/Consumer/Wholesaler
McKesson,Ultra Plus Meters,ESI Ascent,RCW - Retail/Consumer/Wholesaler
McKesson,Ultra Plus Meters,"OptumRx, Inc.",RCW - Retail/Consumer/Wholesaler
McKesson,Ultra Plus Meters,Caremark PCS,RCW - Retail/Consumer/Wholesaler
McKesson,Ultra Plus Meters,"Express Scripts, Inc.",RCW - Retail/Consumer/Wholesaler
McKesson,Ultra Plus Meters,Emisar Pharmacy Services LLC,RCW - Retail/Consumer/Wholesaler
McKesson,Ultra Plus Meters,"Zinc Health Services, LLC",RCW - Retail/Consumer/Wholesaler
McKesson,Ultra Plus Meters,CVS,RCW - Retail/Consumer/Wholesaler
ABC,Ultra Plus Meters,ESI Ascent,RCW - Retail/Consumer/Wholesaler
ABC,Ultra Plus Meters,"OptumRx, Inc.",RCW - Retail/Consumer/Wholesaler
ABC,Ultra Plus Meters,Caremark PCS,RCW - Retail/Consumer/Wholesaler
ABC,Ultra Plus Meters,"Express Scripts, Inc.",RCW - Retail/Consumer/Wholesaler
ABC,Ultra Plus Meters,Emisar Pharmacy Services LLC,RCW - Retail/Consumer/Wholesaler
ABC,Ultra Plus Meters,"Zinc Health Services, LLC",RCW - Retail/Consumer/Wholesaler
ABC,Ultra Plus Meters,CVS,RCW - Retail/Consumer/Wholesaler
CVS,Ultra Plus Meters,ESI Ascent,RCW - Retail/Consumer/Wholesaler
CVS,Ultra Plus Meters,"OptumRx, Inc.",RCW - Retail/Consumer/Wholesaler
CVS,Ultra Plus Meters,Caremark PCS,RCW - Retail/Consumer/Wholesaler
CVS,Ultra Plus Meters,"Express Scripts, Inc.",RCW - Retail/Consumer/Wholesaler
CVS,Ultra Plus Meters,Emisar Pharmacy Services LLC,RCW - Retail/Consumer/Wholesaler
CVS,Ultra Plus Meters,"Zinc Health Services, LLC",RCW - Retail/Consumer/Wholesaler
CVS,Ultra Plus Meters,CVS,RCW - Retail/Consumer/Wholesaler
Other,Ultra Plus Meters,ESI Ascent,RCW - Retail/Consumer/Wholesaler
Other,Ultra Plus Meters,"OptumRx, Inc.",RCW - Retail/Consumer/Wholesaler
Other,Ultra Plus Meters,Caremark PCS,RCW - Retail/Consumer/Wholesaler
Other,Ultra Plus Meters,"Express Scripts, Inc.",RCW - Retail/Consumer/Wholesaler
Other,Ultra Plus Meters,Emisar Pharmacy Services LLC,RCW - Retail/Consumer/Wholesaler
Other,Ultra Plus Meters,"Zinc Health Services, LLC",RCW - Retail/Consumer/Wholesaler
Other,Ultra Plus Meters,CVS,RCW - Retail/Consumer/Wholesaler
Kaiser,Ultra Plus Meters,Kaiser,RCW - Retail/Consumer/Wholesaler
Pattern,Ultra Plus Meters,Ecomm - Ecommerce,Ecomm - Ecommerce
Truepill,Ultra Plus Meters,Ecomm - Ecommerce,Ecomm - Ecommerce
Other MO & W8,Ultra Plus Meters,MOR - Mail Order,MOR - Mail Order
Gemco,Ultra Plus Meters,MOR - Mail Order,MOR - Mail Order
Edgepark Surgical,Ultra Plus Meters,MOR - Mail Order,MOR - Mail Order
DDP Medical Supply,Ultra Plus Meters,MOR - Mail Order,MOR - Mail Order
Independence,Ultra Plus Meters,MOR - Mail Order,MOR - Mail Order
US Med,Ultra Plus Meters,MOR - Mail Order,MOR - Mail Order
BYRAM-SE HEALTHCARE CENTERS,Ultra Plus Meters,MOR - Mail Order,MOR - Mail Order
Cardinal,Ultra Plus Meters,Cash,RCW - Retail/Consumer/Wholesaler
McKesson,Ultra Plus Meters,Cash,RCW - Retail/Consumer/Wholesaler
ABC,Ultra Plus Meters,Cash,RCW - Retail/Consumer/Wholesaler
CVS,Ultra Plus Meters,Cash,RCW - Retail/Consumer/Wholesaler
Other,Ultra Plus Meters,Cash,RCW - Retail/Consumer/Wholesaler
Cardinal,Ultra Plus Meters,FFS Medicaid,RCW - Retail/Consumer/Wholesaler
McKesson,Ultra Plus Meters,FFS Medicaid,RCW - Retail/Consumer/Wholesaler
ABC,Ultra Plus Meters,FFS Medicaid,RCW - Retail/Consumer/Wholesaler
CVS,Ultra Plus Meters,FFS Medicaid,RCW - Retail/Consumer/Wholesaler
Other,Ultra Plus Meters,FFS Medicaid,RCW - Retail/Consumer/Wholesaler
Cardinal,Ultra Plus Meters,MAP,RCW - Retail/Consumer/Wholesaler
McKesson,Ultra Plus Meters,MAP,RCW - Retail/Consumer/Wholesaler
ABC,Ultra Plus Meters,MAP,RCW - Retail/Consumer/Wholesaler
CVS,Ultra Plus Meters,MAP,RCW - Retail/Consumer/Wholesaler
Other,Ultra Plus Meters,MAP,RCW - Retail/Consumer/Wholesaler
Cardinal,Ultra Plus Meters,Open & Disadvantaged,RCW - Retail/Consumer/Wholesaler
McKesson,Ultra Plus Meters,Open & Disadvantaged,RCW - Retail/Consumer/Wholesaler
ABC,Ultra Plus Meters,Open & Disadvantaged,RCW - Retail/Consumer/Wholesaler
CVS,Ultra Plus Meters,Open & Disadvantaged,RCW - Retail/Consumer/Wholesaler
Other,Ultra Plus Meters,Open & Disadvantaged,RCW - Retail/Consumer/Wholesaler
Cardinal,Ultra Plus Meters,Other,RCW - Retail/Consumer/Wholesaler
McKesson,Ultra Plus Meters,Other,RCW - Retail/Consumer/Wholesaler
ABC,Ultra Plus Meters,Other,RCW - Retail/Consumer/Wholesaler
CVS,Ultra Plus Meters,Other,RCW - Retail/Consumer/Wholesaler
Other,Ultra Plus Meters,Other,RCW - Retail/Consumer/Wholesaler
Other,Ultra Plus Meters,MOR - Mail Order,MOR - Mail Order
Cardinal,Ultra Plus Meters,Buydown,RCW - Retail/Consumer/Wholesaler
McKesson,Ultra Plus Meters,Buydown,RCW - Retail/Consumer/Wholesaler
ABC,Ultra Plus Meters,Buydown,RCW - Retail/Consumer/Wholesaler
CVS,Ultra Plus Meters,Buydown,RCW - Retail/Consumer/Wholesaler
Other,Ultra Plus Meters,Buydown,RCW - Retail/Consumer/Wholesaler
Cardinal,Ultra Plus Strips,ESI Ascent,RCW - Retail/Consumer/Wholesaler
Cardinal,Ultra Plus Strips,"OptumRx, Inc.",RCW - Retail/Consumer/Wholesaler
Cardinal,Ultra Plus Strips,Caremark PCS,RCW - Retail/Consumer/Wholesaler
Cardinal,Ultra Plus Strips,"Express Scripts, Inc.",RCW - Retail/Consumer/Wholesaler
Cardinal,Ultra Plus Strips,Emisar Pharmacy Services LLC,RCW - Retail/Consumer/Wholesaler
Cardinal,Ultra Plus Strips,"Zinc Health Services, LLC",RCW - Retail/Consumer/Wholesaler
Cardinal,Ultra Plus Strips,CVS,RCW - Retail/Consumer/Wholesaler
McKesson,Ultra Plus Strips,ESI Ascent,RCW - Retail/Consumer/Wholesaler
McKesson,Ultra Plus Strips,"OptumRx, Inc.",RCW - Retail/Consumer/Wholesaler
McKesson,Ultra Plus Strips,Caremark PCS,RCW - Retail/Consumer/Wholesaler
McKesson,Ultra Plus Strips,"Express Scripts, Inc.",RCW - Retail/Consumer/Wholesaler
McKesson,Ultra Plus Strips,Emisar Pharmacy Services LLC,RCW - Retail/Consumer/Wholesaler
McKesson,Ultra Plus Strips,"Zinc Health Services, LLC",RCW - Retail/Consumer/Wholesaler
McKesson,Ultra Plus Strips,CVS,RCW - Retail/Consumer/Wholesaler
ABC,Ultra Plus Strips,ESI Ascent,RCW - Retail/Consumer/Wholesaler
ABC,Ultra Plus Strips,"OptumRx, Inc.",RCW - Retail/Consumer/Wholesaler
ABC,Ultra Plus Strips,Caremark PCS,RCW - Retail/Consumer/Wholesaler
ABC,Ultra Plus Strips,"Express Scripts, Inc.",RCW - Retail/Consumer/Wholesaler
ABC,Ultra Plus Strips,Emisar Pharmacy Services LLC,RCW - Retail/Consumer/Wholesaler
ABC,Ultra Plus Strips,"Zinc Health Services, LLC",RCW - Retail/Consumer/Wholesaler
ABC,Ultra Plus Strips,CVS,RCW - Retail/Consumer/Wholesaler
CVS,Ultra Plus Strips,ESI Ascent,RCW - Retail/Consumer/Wholesaler
CVS,Ultra Plus Strips,"OptumRx, Inc.",RCW - Retail/Consumer/Wholesaler
CVS,Ultra Plus Strips,Caremark PCS,RCW - Retail/Consumer/Wholesaler
CVS,Ultra Plus Strips,"Express Scripts, Inc.",RCW - Retail/Consumer/Wholesaler
CVS,Ultra Plus Strips,Emisar Pharmacy Services LLC,RCW - Retail/Consumer/Wholesaler
CVS,Ultra Plus Strips,"Zinc Health Services, LLC",RCW - Retail/Consumer/Wholesaler
CVS,Ultra Plus Strips,CVS,RCW - Retail/Consumer/Wholesaler
Other,Ultra Plus Strips,ESI Ascent,RCW - Retail/Consumer/Wholesaler
Other,Ultra Plus Strips,"OptumRx, Inc.",RCW - Retail/Consumer/Wholesaler
Other,Ultra Plus Strips,Caremark PCS,RCW - Retail/Consumer/Wholesaler
Other,Ultra Plus Strips,"Express Scripts, Inc.",RCW - Retail/Consumer/Wholesaler
Other,Ultra Plus Strips,Emisar Pharmacy Services LLC,RCW - Retail/Consumer/Wholesaler
Other,Ultra Plus Strips,"Zinc Health Services, LLC",RCW - Retail/Consumer/Wholesaler
Other,Ultra Plus Strips,CVS,RCW - Retail/Consumer/Wholesaler
Kaiser,Ultra Plus Strips,Kaiser,RCW - Retail/Consumer/Wholesaler
Pattern,Ultra Plus Strips,Ecomm - Ecommerce,Ecomm - Ecommerce
Truepill,Ultra Plus Strips,Ecomm - Ecommerce,Ecomm - Ecommerce
Other MO & W8,Ultra Plus Strips,MOR - Mail Order,MOR - Mail Order
Gemco,Ultra Plus Strips,MOR - Mail Order,MOR - Mail Order
Edgepark Surgical,Ultra Plus Strips,MOR - Mail Order,MOR - Mail Order
DDP Medical Supply,Ultra Plus Strips,MOR - Mail Order,MOR - Mail Order
Independence,Ultra Plus Strips,MOR - Mail Order,MOR - Mail Order
US Med,Ultra Plus Strips,MOR - Mail Order,MOR - Mail Order
BYRAM-SE HEALTHCARE CENTERS,Ultra Plus Strips,MOR - Mail Order,MOR - Mail Order
Cardinal,Ultra Plus Strips,Cash,RCW - Retail/Consumer/Wholesaler
McKesson,Ultra Plus Strips,Cash,RCW - Retail/Consumer/Wholesaler
ABC,Ultra Plus Strips,Cash,RCW - Retail/Consumer/Wholesaler
CVS,Ultra Plus Strips,Cash,RCW - Retail/Consumer/Wholesaler
Other,Ultra Plus Strips,Cash,RCW - Retail/Consumer/Wholesaler
Cardinal,Ultra Plus Strips,FFS Medicaid,RCW - Retail/Consumer/Wholesaler
McKesson,Ultra Plus Strips,FFS Medicaid,RCW - Retail/Consumer/Wholesaler
ABC,Ultra Plus Strips,FFS Medicaid,RCW - Retail/Consumer/Wholesaler
CVS,Ultra Plus Strips,FFS Medicaid,RCW - Retail/Consumer/Wholesaler
Other,Ultra Plus Strips,FFS Medicaid,RCW - Retail/Consumer/Wholesaler
Cardinal,Ultra Plus Strips,MAP,RCW - Retail/Consumer/Wholesaler
McKesson,Ultra Plus Strips,MAP,RCW - Retail/Consumer/Wholesaler
ABC,Ultra Plus Strips,MAP,RCW - Retail/Consumer/Wholesaler
CVS,Ultra Plus Strips,MAP,RCW - Retail/Consumer/Wholesaler
Other,Ultra Plus Strips,MAP,RCW - Retail/Consumer/Wholesaler
Cardinal,Ultra Plus Strips,Open & Disadvantaged,RCW - Retail/Consumer/Wholesaler
McKesson,Ultra Plus Strips,Open & Disadvantaged,RCW - Retail/Consumer/Wholesaler
ABC,Ultra Plus Strips,Open & Disadvantaged,RCW - Retail/Consumer/Wholesaler
CVS,Ultra Plus Strips,Open & Disadvantaged,RCW - Retail/Consumer/Wholesaler
Other,Ultra Plus Strips,Open & Disadvantaged,RCW - Retail/Consumer/Wholesaler
Cardinal,Ultra Plus Strips,Other,RCW - Retail/Consumer/Wholesaler
McKesson,Ultra Plus Strips,Other,RCW - Retail/Consumer/Wholesaler
ABC,Ultra Plus Strips,Other,RCW - Retail/Consumer/Wholesaler
CVS,Ultra Plus Strips,Other,RCW - Retail/Consumer/Wholesaler
Other,Ultra Plus Strips,Other,RCW - Retail/Consumer/Wholesaler
Other,Ultra Plus Strips,MOR - Mail Order,MOR - Mail Order
Cardinal,Ultra Plus Strips,Buydown,RCW - Retail/Consumer/Wholesaler
McKesson,Ultra Plus Strips,Buydown,RCW - Retail/Consumer/Wholesaler
ABC,Ultra Plus Strips,Buydown,RCW - Retail/Consumer/Wholesaler
CVS,Ultra Plus Strips,Buydown,RCW - Retail/Consumer/Wholesaler
Other,Ultra Plus Strips,Buydown,RCW - Retail/Consumer/Wholesaler
Pattern,Delica Plus Lancing Device,Ecomm - Ecommerce,Ecomm - Ecommerce
